place_id,name,description,is_spending_on_ads,reviews,rating,competitors,website,phone,can_claim,owner_name,owner_profile_link,featured_image,main_category,categories,workday_timing,is_temporarily_closed,closed_on,address,review_keywords,link,query
ChIJ42PigiaLDogR7JA_PZYxAz0,ComfortMax Heating and Cooling,"ComfortMax is your trusted HVAC contractor in Joliet, offering a full range of HVAC services including AC installation, AC repairs, furnace installation, furnace repair, duct cleaning, heat pump installation, heat pump service, air quality humidifier installation, humidifier service, water heater repair and installation, and much more",1,188,4.9,"Name: Comfort First Heating and Cooling, Inc.
Link: https://www.google.com/maps/search/Comfort+First+Heating+and+Cooling%2C+Inc./@41.455512399999996,-88.2683593?authuser=0&hl=en&entry=ttu
Reviews: 1269 reviews

Name: Comfort Services Heating & Air Conditioning, Inc.
Link: https://www.google.com/maps/search/Comfort+Services+Heating+%26+Air+Conditioning%2C+Inc./@41.6557415,-88.19923570000002?authuser=0&hl=en&entry=ttu
Reviews: 1197 reviews

Name: Best Comfort Heating and Cooling
Link: https://www.google.com/maps/search/Best+Comfort+Heating+and+Cooling/@41.549467,-88.160296?authuser=0&hl=en&entry=ttu
Reviews: 269 reviews

Name: Lockwood Furnace Company
Link: https://www.google.com/maps/search/Lockwood+Furnace+Company/@41.5145505,-88.13855219999999?authuser=0&hl=en&entry=ttu
Reviews: 268 reviews

Name: Joliet Heating & Cooling
Link: https://www.google.com/maps/search/Joliet+Heating+%26+Cooling/@41.5156689,-88.1823742?authuser=0&hl=en&entry=ttu
Reviews: 41 reviews",https://comfortmax.org/?utm_source=GoogleBusinessProfile&utm_medium=organic,(815) 219-4561,,ComfortMax Heating and Cooling (Owner),https://www.google.com/maps/contrib/100438012642751682196,https://lh3.ggpht.com/p/AF1QipOyyem2YntIVkWMOx7q0kTYZz49YfZcPVi-lw1B=s1024,Heating contractor,"Heating contractor, Air conditioning contractor, Air conditioning repair service, Air duct cleaning service, Air filter supplier, Dryer vent cleaning service, Furnace repair service, HVAC contractor, Water filter supplier",8 AM–10 PM,,Open All Days,"1002 129th Infantry Dr, Joliet, IL 60435","furnace, water heater, job, cleaned, communication, the future, knowledge, questions, informative, unit",https://www.google.com/maps/place/ComfortMax+Heating+and+Cooling/data=!4m7!3m6!1s0x880e8b2682e263e3:0x3d0331963d3f90ec!8m2!3d41.540254!4d-88.150258!16s%2Fg%2F11lm4ch1q6!19sChIJ42PigiaLDogR7JA_PZYxAz0?authuser=0&hl=en&rclk=1,hvac new lenox il
ChIJK7y82Tz3DogRRI9dMEoa3zg,A All Temp Inc. Heating & Cooling,"Voted #1 as the most trusted Business in your area! Air Conditioning Repair, Maintenance & Installation.
We offer same day 24 Hour Service and FREE Estimates on replacement!

We are a local, family owned Heating & Cooling business serving the Chicagoland area since 1985. Specializing in maintaining, repairing, and replacing residential and commercial equipment. Offering quality, dependable service with a 100% satisfaction guarantee. All of our staff is fully trained with the most up to date knowledge in the industry. Give us a call today and we will be happy to answer any questions you have and help schedule a service or sales call according to your availability. We offer same day emergency service!
Celebrating 40 years of Service!",1,502,4.8,"Name: Air-Rite Heating & Cooling, Inc.
Link: https://www.google.com/maps/search/Air-Rite+Heating+%26+Cooling%2C+Inc./@41.7888059,-88.22994899999999?authuser=0&hl=en&entry=ttu
Reviews: 1653 reviews

Name: All Temp Heating and Air Conditioning- Bolingbrook
Link: https://www.google.com/maps/search/All+Temp+Heating+and+Air+Conditioning-+Bolingbrook/@41.688826999999996,-88.0652774?authuser=0&hl=en&entry=ttu
Reviews: 312 reviews

Name: A-All Temp Home Services
Link: https://www.google.com/maps/search/A-All+Temp+Home+Services/@41.7606286,-88.1438162?authuser=0&hl=en&entry=ttu
Reviews: 3 reviews

Name: Temp Tech llc
Link: https://www.google.com/maps/search/Temp+Tech+llc/@41.6980904,-88.18607050000001?authuser=0&hl=en&entry=ttu
Reviews: 1 reviews

Name: Temp Tech LLC
Link: https://www.google.com/maps/search/Temp+Tech+LLC/@41.693984799999996,-88.1855564?authuser=0&hl=en&entry=ttu
Reviews: No Reviews reviews",http://aalltemp.com/,(630) 355-4474,,A All Temp Inc. Heating & Cooling (Owner),https://www.google.com/maps/contrib/113619712173162305737,https://lh3.ggpht.com/p/AF1QipPvtDacih_Fb1aVQd9gfo2qd3qJLVGo7PsZH1AP=s1024,Air conditioning contractor,"Air conditioning contractor, Air conditioning repair service, Air duct cleaning service, Air filter supplier, Dryer vent cleaning service, Heating equipment supplier, HVAC contractor",Open 24 hours,,Open All Days,"31W154 91st St, Naperville, IL 60564","furnace, technician, clean, water heater, questions, call, job, humidifier, work, check",https://www.google.com/maps/place/A+All+Temp+Inc.+Heating+%26+Cooling/data=!4m7!3m6!1s0x880ef73cd9bcbc2b:0x38df1a4a305d8f44!8m2!3d41.717356!4d-88.229334!16s%2Fg%2F1vcl4bs0!19sChIJK7y82Tz3DogRRI9dMEoa3zg?authuser=0&hl=en&rclk=1,hvac new lenox il
ChIJfcbA95VXDogRYkvu8T08J-c,Zark Heating & Cooling Inc.,"Zark Heating & Cooling is a NATE-certified, Will County, IL. HVAC Contractor since 2008. We offer furnace repair, installation, and maintenance. AC repair, installation, and maintenance. 24/7 emergencies. Commercial HVAC services include air conditioning, heating, boiler repair, installation, maintenance, ductwork, sheet metal projects, and new construction. As a Trane dealer, we service all brands with expert technicians. Our Illinois service area includes New Lennox, Orland Park, Lockport, Homer Glen, Mokena, and other SW Chicago suburbs. Zark offers free estimates, financing, maintenance plans, indoor air quality, ductless mini-split systems, and more. Call Zark for any residential/commercial heating and cooling needs.",,688,5,"Name: Magtek Mechanical Heating & Cooling
Link: https://www.google.com/maps/search/Magtek+Mechanical+Heating+%26+Cooling/@41.495910699999996,-87.92719029999999?authuser=0&hl=en&entry=ttu
Reviews: 514 reviews

Name: Update Heating and Cooling Services
Link: https://www.google.com/maps/search/Update+Heating+and+Cooling+Services/@41.4916603,-87.98112929999999?authuser=0&hl=en&entry=ttu
Reviews: 406 reviews

Name: Best Heating and Cooling Inc.
Link: https://www.google.com/maps/search/Best+Heating+and+Cooling+Inc./@41.491436199999995,-87.9815242?authuser=0&hl=en&entry=ttu
Reviews: 16 reviews

Name: Service Tech Heating & Cooling Inc.
Link: https://www.google.com/maps/search/Service+Tech+Heating+%26+Cooling+Inc./@41.476766,-87.8394028?authuser=0&hl=en&entry=ttu
Reviews: 14 reviews

Name: Dawn Heating & Air Conditioning, Inc.
Link: https://www.google.com/maps/search/Dawn+Heating+%26+Air+Conditioning%2C+Inc./@41.558923799999995,-87.7873166?authuser=0&hl=en&entry=ttu
Reviews: 11 reviews",http://www.zarkhvac.com/?utm_campaign=gmb,(815) 893-2172,,Zark Heating & Cooling Inc. (Owner),https://www.google.com/maps/contrib/102831520736171853410,https://lh3.ggpht.com/p/AF1QipP6LM8apLPubktXLXIClxzQBYVuv-imj_FqtUwQ=s1024,HVAC contractor,"HVAC contractor, Air conditioning contractor, Furnace repair service",7:30 AM–5 PM,,"Saturday, Sunday","14021 W Illinois Hwy, New Lenox, IL 60451","job, call, water heater, humidifier, work, morning, quote, needs, responsive, estimate",https://www.google.com/maps/place/Zark+Heating+%26+Cooling+Inc./data=!4m7!3m6!1s0x880e5795f7c0c67d:0xe7273c3df1ee4b62!8m2!3d41.496314!4d-87.9553202!16s%2Fg%2F11ggvpbh4r!19sChIJfcbA95VXDogRYkvu8T08J-c?authuser=0&hl=en&rclk=1,hvac new lenox il
ChIJu4Y0Ec5uDogRTvpf7Ct2efE,"RCM Heating & Cooling, Inc.","RCM Heating & Cooling, located in New Lenox, IL, is the premier HVAC contractor serving Orland Park, Frankfort, Manhattan and surrounding areas since 2005. We specialize in pool heaters and offer commercial and residential service and repair on furnaces, boilers, air conditioners and more. For all of your HVAC needs, contact RCM Heating & Cooling in New Lenox today!",,138,4.9,"Name: TR Miller Heating, Cooling, Plumbing and Electrical
Link: https://www.google.com/maps/search/TR+Miller+Heating%2C+Cooling%2C+Plumbing+and+Electrical/@41.513035099999996,-87.9437413?authuser=0&hl=en&entry=ttu
Reviews: 2003 reviews

Name: Magtek Mechanical Heating & Cooling
Link: https://www.google.com/maps/search/Magtek+Mechanical+Heating+%26+Cooling/@41.495910699999996,-87.92719029999999?authuser=0&hl=en&entry=ttu
Reviews: 514 reviews

Name: Premium Heating & Cooling
Link: https://www.google.com/maps/search/Premium+Heating+%26+Cooling/@41.5546386,-88.08802469999999?authuser=0&hl=en&entry=ttu
Reviews: 27 reviews

Name: M & E Heating & Cooling Inc
Link: https://www.google.com/maps/search/M+%26+E+Heating+%26+Cooling+Inc/@41.4949276,-87.9304451?authuser=0&hl=en&entry=ttu
Reviews: 3 reviews

Name: National HVAC Systems
Link: https://www.google.com/maps/search/National+HVAC+Systems/@41.4911204,-87.9654759?authuser=0&hl=en&entry=ttu
Reviews: No Reviews reviews",https://www.rcmheating.com/?utm_source=GMBlisting&utm_medium=referral,(815) 485-6525,,"RCM Heating & Cooling, Inc. (Owner)",https://www.google.com/maps/contrib/105410683291401310210,https://lh3.ggpht.com/p/AF1QipPNZdJrZQWpcpN7NtPtxUF7_TAzA3H_HhW9X8NT=s1024,HVAC contractor,"HVAC contractor, Air conditioning contractor, Air conditioning repair service, Heating contractor",6 AM–10 PM,,Open All Days,"1018 Star Ln, New Lenox, IL 60451","job, call, questions, diagnose, morning, cleaning, tech, check, honest, unit","https://www.google.com/maps/place/RCM+Heating+%26+Cooling,+Inc./data=!4m7!3m6!1s0x880e6ece113486bb:0xf179762bec5ffa4e!8m2!3d41.497384!4d-87.9615668!16s%2Fg%2F11b6hhktp2!19sChIJu4Y0Ec5uDogRTvpf7Ct2efE?authuser=0&hl=en&rclk=1",hvac new lenox il
ChIJz9MCQwRsDogRZ5qnkSNSGaY,Magtek Mechanical Heating & Cooling,"Magtek Mechanical Heating & Cooling is here to ensure your HVAC safety, to perfect your year round home-needs and comfort. For both residential and commercial application, we provide the top quality products, skilled service, and conscientious job performance to simplify the demands of extreme weather in New Lenox, IL and surrounding areas.

At MAGTEK we realize that heating and cooling needs can get expensive - especially if you’re faced with an emergency. That’s why we provide dependable financing with approved credit through Wells Fargo. For any type of concern, with all makes and models of HVAC, call on the professionals from Magtek Mechanical Heating & Cooling at 815-405-5242.",,513,4.9,"Name: Zark Heating & Cooling Inc.
Link: https://www.google.com/maps/search/Zark+Heating+%26+Cooling+Inc./@41.496314,-87.9553202?authuser=0&hl=en&entry=ttu
Reviews: 685 reviews

Name: Maertin Heating & Cooling
Link: https://www.google.com/maps/search/Maertin+Heating+%26+Cooling/@41.5405855,-87.8902343?authuser=0&hl=en&entry=ttu
Reviews: 297 reviews

Name: ComfortMax Heating and Cooling
Link: https://www.google.com/maps/search/ComfortMax+Heating+and+Cooling/@41.5402536,-88.1502577?authuser=0&hl=en&entry=ttu
Reviews: 187 reviews

Name: Comfortable Climate LLC
Link: https://www.google.com/maps/search/Comfortable+Climate+LLC/@41.4907387,-87.96555339999999?authuser=0&hl=en&entry=ttu
Reviews: 32 reviews

Name: M & E Heating & Cooling Inc
Link: https://www.google.com/maps/search/M+%26+E+Heating+%26+Cooling+Inc/@41.4949276,-87.9304451?authuser=0&hl=en&entry=ttu
Reviews: 3 reviews",https://www.magtekmechanical.com/?utm_source=google&utm_medium=organic&utm_campaign=gbp,(815) 627-1313,,Magtek Mechanical Heating & Cooling (Owner),https://www.google.com/maps/contrib/106980850816292816244,https://lh3.ggpht.com/p/AC9h4nqt8n7FGNGag-biyiilLg7VG531kVyCTHRzfXsKHwvQhpijHPfprBd6EZ-cS1nGOErF9Gv5WFOrJKKA2AlaEM5fk38jpoSJrx8MaT9bvL6rZl7zbCqv8o6wbJhdZ2MYGSmsomlfOA=s1024,Air conditioning repair service,"Air conditioning repair service, Air conditioning contractor, Furnace repair service, Heating contractor, HVAC contractor",Open 24 hours,,Open All Days,"21607 S Schoolhouse Rd, New Lenox, IL 60451","furnace, HVAC, job, home, informative, humidifier, estimate, work, basement, responsive",https://www.google.com/maps/place/Magtek+Mechanical+Heating+%26+Cooling/data=!4m7!3m6!1s0x880e6c044302d3cf:0xa619522391a79a67!8m2!3d41.4959107!4d-87.9271903!16s%2Fg%2F1261tdz_9!19sChIJz9MCQwRsDogRZ5qnkSNSGaY?authuser=0&hl=en&rclk=1,hvac new lenox il
ChIJXRRMKjtvDogROWAQ8CN9Eu8,Update Heating and Cooling Services,"Located at 897 Country Creek Drive, Update Heating and Cooling Services offers top-tier furnace maintenance, air conditioning service, and AC repair in New Lenox and Will County. With over 25 years of experience, our trustworthy technicians ensure your home stays comfortable year-round. We pride ourselves on simple pricing, customer satisfaction, and emergency response with live 24/7 phone operators at 815-463-0333. Enjoy $25 off your first furnace repair or $100 off a new installation. Explore our comprehensive HVAC solutions, including ductless mini-split systems, air quality enhancements, and more—all with fast, same-day service options. Join our Comfort Club for even greater savings.",,406,4.9,"Name: Comfortable Climate LLC
Link: https://www.google.com/maps/search/Comfortable+Climate+LLC/@41.4907387,-87.96555339999999?authuser=0&hl=en&entry=ttu
Reviews: 32 reviews

Name: Best Heating and Cooling Inc.
Link: https://www.google.com/maps/search/Best+Heating+and+Cooling+Inc./@41.491436199999995,-87.9815242?authuser=0&hl=en&entry=ttu
Reviews: 16 reviews

Name: TODD's HVAC Services
Link: https://www.google.com/maps/search/TODD's+HVAC+Services/@41.491436199999995,-87.9815242?authuser=0&hl=en&entry=ttu
Reviews: 2 reviews

Name: A & D Plumbing Inc
Link: https://www.google.com/maps/search/A+%26+D+Plumbing+Inc/@41.518051299999996,-88.00209339999999?authuser=0&hl=en&entry=ttu
Reviews: 1 reviews

Name: Tri-Force Heating, Cooling, & Air Quality
Link: https://www.google.com/maps/search/Tri-Force+Heating%2C+Cooling%2C+%26+Air+Quality/@41.493485899999996,-87.92891949999999?authuser=0&hl=en&entry=ttu
Reviews: No Reviews reviews",https://www.updateheating.com/?utm_source=google&utm_medium=organic&utm_campaign=gmb-profile-new-lenox,(815) 605-6016,,Update Heating and Cooling Services (Owner),https://www.google.com/maps/contrib/116178867956217220529,https://lh3.ggpht.com/p/AF1QipO23x-v5eTQRskHHZUFK6J07ruUj8dseKBYqyW4=s1024,Heating contractor,"Heating contractor, Air conditioning contractor, Air conditioning repair service, Bathroom remodeler, Electrical installation service, Electrician, Furnace repair service, Hot water system supplier, HVAC contractor, Plumber",Open 24 hours,,Open All Days,"897 Country Creek Dr, New Lenox, IL 60451","furnace, call, cleaned, questions, efficient, summer, crew, warranty, polite, estimate",https://www.google.com/maps/place/Update+Heating+and+Cooling+Services/data=!4m7!3m6!1s0x880e6f3b2a4c145d:0xef127d23f0106039!8m2!3d41.4916603!4d-87.9811293!16s%2Fg%2F1tykvzwk!19sChIJXRRMKjtvDogROWAQ8CN9Eu8?authuser=0&hl=en&rclk=1,hvac new lenox il
ChIJh7Ee4M9pDogRPltJ8YbEQdQ,"TR Miller Heating, Cooling, Plumbing and Electrical","TR Miller Heating, Cooling, Plumbing and Electrical is family-owned company and we're proud to offer residential home services that are second to none. Our licensed and experienced technicians have served the Chicago Suburbs since 2008. Our customers can expect upfront pricing, seamless service, and work done right the first time. When you are looking for HVAC, plumbing, or electrical services that you can trust, call our team here at TR Miller Heating, Cooling, Plumbing and Electrical.",,2007,4.9,"Name: RCM Heating & Cooling, Inc.
Link: https://www.google.com/maps/search/RCM+Heating+%26+Cooling%2C+Inc./@41.497384,-87.9615668?authuser=0&hl=en&entry=ttu
Reviews: 138 reviews

Name: JTR Heating & Air Conditioning
Link: https://www.google.com/maps/search/JTR+Heating+%26+Air+Conditioning/@41.4207831,-87.746461?authuser=0&hl=en&entry=ttu
Reviews: 65 reviews

Name: Comfortable Climate LLC
Link: https://www.google.com/maps/search/Comfortable+Climate+LLC/@41.4907387,-87.96555339999999?authuser=0&hl=en&entry=ttu
Reviews: 32 reviews

Name: M & E Heating & Cooling Inc
Link: https://www.google.com/maps/search/M+%26+E+Heating+%26+Cooling+Inc/@41.4949276,-87.9304451?authuser=0&hl=en&entry=ttu
Reviews: 3 reviews

Name: Tri-Force Heating, Cooling, & Air Quality
Link: https://www.google.com/maps/search/Tri-Force+Heating%2C+Cooling%2C+%26+Air+Quality/@41.493485899999996,-87.92891949999999?authuser=0&hl=en&entry=ttu
Reviews: No Reviews reviews",http://www.trmillerheatingandcooling.com/,(779) 216-3225,,"TR Miller Heating, Cooling, Plumbing and Electrical (Owner)",https://www.google.com/maps/contrib/107334737852593331260,https://lh3.ggpht.com/p/AF1QipNM3sVpCYyG3TElgqLT9Yt7IQGa0anrgyRjrWaU=s1024,Air conditioning contractor,"Air conditioning contractor, Electrician, Heating contractor, HVAC contractor, Plumber",Open 24 hours,,Open All Days,"1049 E Lincoln Hwy #2, New Lenox, IL 60451","inspection, water heater, plumber, toilet, eric b, basement, ken m, sump pump, garbage disposal, anthony b","https://www.google.com/maps/place/TR+Miller+Heating,+Cooling,+Plumbing+and+Electrical/data=!4m7!3m6!1s0x880e69cfe01eb187:0xd441c486f1495b3e!8m2!3d41.5130351!4d-87.9437413!16s%2Fg%2F11swrggcmp!19sChIJh7Ee4M9pDogRPltJ8YbEQdQ?authuser=0&hl=en&rclk=1",hvac new lenox il
ChIJwWKSPwFrDogRBSeSoT7dq_s,S&S Mechanical Services Inc.,"S&S Mechanical Services Inc is the New Lenox, IL air conditioning repair, installation & maintenance professional you need! As trusted heating, cooling, and air quality contractors in heating and air conditioning, we have the tools, equipment, and experience to smoothly keep your equipment running all year. We also service Mokena, Frankfort, Orland Park, Joliet & surrounding areas for furnace repair and indoor air quality needs too! To help reduce HVAC service and repair emergencies, we offer solutions to keep your system running at peak performance. Our priority has always been our loyal and dedicated customers who call for residential and commercial HVAC services for high-quality heating and cooling needs.",,125,4.9,"Name: SERVICE II inc
Link: https://www.google.com/maps/search/SERVICE+II+inc/@41.4913907,-87.9654996?authuser=0&hl=en&entry=ttu
Reviews: 80 reviews

Name: S & S Heating & Cooling
Link: https://www.google.com/maps/search/S+%26+S+Heating+%26+Cooling/@41.9509749,-87.7148754?authuser=0&hl=en&entry=ttu
Reviews: 14 reviews

Name: S & S Mechanical Services Inc.
Link: https://www.google.com/maps/search/S+%26+S+Mechanical+Services+Inc./@41.6242552,-87.6078479?authuser=0&hl=en&entry=ttu
Reviews: 5 reviews

Name: TODD's HVAC Services
Link: https://www.google.com/maps/search/TODD's+HVAC+Services/@41.491436199999995,-87.9815242?authuser=0&hl=en&entry=ttu
Reviews: 2 reviews

Name: T & S Heating & Cooling
Link: https://www.google.com/maps/search/T+%26+S+Heating+%26+Cooling/@41.42397150000001,-87.98107940000001?authuser=0&hl=en&entry=ttu
Reviews: 1 reviews",https://www.ssmechanical.co/?utm_campaign=gmb,(708) 849-0648,,S&S Mechanical Services Inc. (Owner),https://www.google.com/maps/contrib/113694498717648403431,https://lh3.ggpht.com/p/AF1QipNs4f2UdG1jbDUN7W9z_yw6bvu_qG6SsYCof29W=s1024,Heating contractor,"Heating contractor, Air conditioning contractor, Air conditioning system supplier, Furnace repair service, Heating equipment supplier, HVAC contractor",Open 24 hours,,Open All Days,"22014 Howell Dr Unit 1, New Lenox, IL 60451","furnace, tech, call, price, job, unit, the future, questions, ac repair, needs",https://www.google.com/maps/place/S%26S+Mechanical+Services+Inc./data=!4m7!3m6!1s0x880e6b013f9262c1:0xfbabdd3ea1922705!8m2!3d41.4888637!4d-87.9306225!16s%2Fg%2F1vl9s23w!19sChIJwWKSPwFrDogRBSeSoT7dq_s?authuser=0&hl=en&rclk=1,hvac new lenox il
ChIJ2Sjj0EeuxW4RQDLQhComku0,Happy Hippo Heating and Cooling,"Established in December 2021, Happy Hippo Heating and Cooling is a Mokena-based HVAC contractor specializing in residential and commercial HVAC services. Our certified technicians provide comprehensive solutions for air conditioning and heating needs, including repair, maintenance, installation, and replacement of AC units and furnaces. Happy Hippo Heating and Cooling serves Mokena and surrounding areas, ensuring year-round comfort for our customers. Contact us today for reliable and affordable HVAC solutions.",,270,5,"Name: Magtek Mechanical Heating & Cooling
Link: https://www.google.com/maps/search/Magtek+Mechanical+Heating+%26+Cooling/@41.495910699999996,-87.92719029999999?authuser=0&hl=en&entry=ttu
Reviews: 514 reviews

Name: Update Heating and Cooling Services
Link: https://www.google.com/maps/search/Update+Heating+and+Cooling+Services/@41.4916603,-87.98112929999999?authuser=0&hl=en&entry=ttu
Reviews: 406 reviews

Name: TemperaturePro Heating, Cooling & Indoor Air Quality
Link: https://www.google.com/maps/search/TemperaturePro+Heating%2C+Cooling+%26+Indoor+Air+Quality/@41.532637799999996,-87.8545918?authuser=0&hl=en&entry=ttu
Reviews: 404 reviews

Name: RCM Heating & Cooling, Inc.
Link: https://www.google.com/maps/search/RCM+Heating+%26+Cooling%2C+Inc./@41.497384,-87.9615668?authuser=0&hl=en&entry=ttu
Reviews: 138 reviews

Name: Tri-Force Heating, Cooling, & Air Quality
Link: https://www.google.com/maps/search/Tri-Force+Heating%2C+Cooling%2C+%26+Air+Quality/@41.493485899999996,-87.92891949999999?authuser=0&hl=en&entry=ttu
Reviews: No Reviews reviews",https://callhappyhippo.com/,(815) 905-8268,,Happy Hippo Heating and Cooling (Owner),https://www.google.com/maps/contrib/102025130866609346652,https://lh3.ggpht.com/p/AF1QipPj2I1xXhgtHW-NmcOmjfkmaxbCLRKwE6PbM7el=s1024,Air conditioning repair service,"Air conditioning repair service, Air conditioning contractor, Air conditioning system supplier, Air duct cleaning service, Furnace repair service, Heating contractor, Heating equipment supplier, HVAC contractor",8 AM–5 PM,,"Friday, Saturday, Sunday","12563 Old Plank Dr, New Lenox, IL 60451","furnace, company, HVAC, technician, house, efficient, the future, call, warranty, unit",https://www.google.com/maps/place/Happy+Hippo+Heating+and+Cooling/data=!4m7!3m6!1s0x6ec5ae47d0e328d9:0xed92262a84d03240!8m2!3d41.4932336!4d-87.921706!16s%2Fg%2F11rkmmcnsn!19sChIJ2Sjj0EeuxW4RQDLQhComku0?authuser=0&hl=en&rclk=1,hvac new lenox il
ChIJvYeidlNpDogRF5r_vb9wuLQ,Lenox Heating & Air,,,22,4.7,"Name: Best Heating & Cooling Inc
Link: https://www.google.com/maps/search/Best+Heating+%26+Cooling+Inc/@41.5022217,-87.94931389999999?authuser=0&hl=en&entry=ttu
Reviews: 21 reviews

Name: New Lenox Heating & Cooling
Link: https://www.google.com/maps/search/New+Lenox+Heating+%26+Cooling/@41.528679499999996,-87.98276129999999?authuser=0&hl=en&entry=ttu
Reviews: 4 reviews

Name: M & E Heating & Cooling Inc
Link: https://www.google.com/maps/search/M+%26+E+Heating+%26+Cooling+Inc/@41.4949276,-87.9304451?authuser=0&hl=en&entry=ttu
Reviews: 3 reviews

Name: TODD's HVAC Services
Link: https://www.google.com/maps/search/TODD's+HVAC+Services/@41.491436199999995,-87.9815242?authuser=0&hl=en&entry=ttu
Reviews: 2 reviews

Name: National HVAC Systems
Link: https://www.google.com/maps/search/National+HVAC+Systems/@41.4911204,-87.9654759?authuser=0&hl=en&entry=ttu
Reviews: No Reviews reviews",,(779) 202-3419,1,Lenox Heating & Air (Owner),,https://streetviewpixels-pa.googleapis.com/v1/thumbnail?panoid=wIZiY0Z3Huo9z2ajd4aOYA&cb_client=search.gws-prod.gps&w=408&h=240&yaw=343.29175&pitch=0&thumbfov=100,HVAC contractor,HVAC contractor,Open 24 hours,,Open All Days,"841 Somerset St, New Lenox, IL 60451","hvac service, ducts, thermostat, inspection, pricing, heater, schedule, morning, age, weather",https://www.google.com/maps/place/Lenox+Heating+%26+Air/data=!4m7!3m6!1s0x880e695376a287bd:0xb4b870bfbdff9a17!8m2!3d41.5107078!4d-87.9372142!16s%2Fg%2F11vlpvjtbs!19sChIJvYeidlNpDogRF5r_vb9wuLQ?authuser=0&hl=en&rclk=1,hvac new lenox il
ChIJaUvNKztvDogR_WLV6HPOWy0,Best Heating and Cooling Inc.,,,16,4.8,"Name: Update Heating and Cooling Services
Link: https://www.google.com/maps/search/Update+Heating+and+Cooling+Services/@41.4916603,-87.98112929999999?authuser=0&hl=en&entry=ttu
Reviews: 406 reviews

Name: Best Comfort Heating and Cooling
Link: https://www.google.com/maps/search/Best+Comfort+Heating+and+Cooling/@41.549467,-88.160296?authuser=0&hl=en&entry=ttu
Reviews: 269 reviews

Name: Comfortable Climate LLC
Link: https://www.google.com/maps/search/Comfortable+Climate+LLC/@41.4907387,-87.96555339999999?authuser=0&hl=en&entry=ttu
Reviews: 32 reviews

Name: Lenox Heating & Air
Link: https://www.google.com/maps/search/Lenox+Heating+%26+Air/@41.5107078,-87.9372142?authuser=0&hl=en&entry=ttu
Reviews: 22 reviews

Name: New Lenox Heating & Cooling
Link: https://www.google.com/maps/search/New+Lenox+Heating+%26+Cooling/@41.528679499999996,-87.98276129999999?authuser=0&hl=en&entry=ttu
Reviews: 4 reviews",http://www.bestheatingnow.com/,(815) 462-0083,,Best Heating and Cooling Inc. (Owner),https://www.google.com/maps/contrib/113068054493274287375,https://lh3.ggpht.com/p/AF1QipNMgy8S5T57GEKDGjHYLz9RVd08TxYohEe0XfUp=s1024,Air conditioning contractor,"Air conditioning contractor, Air conditioning repair service, Air duct cleaning service, Furnace repair service, Heating equipment supplier, Repair service, Sheet metal contractor",Open 24 hours,,Open All Days,"895 Country Creek Dr, New Lenox, IL 60451","price, cleaned, questions, phone",https://www.google.com/maps/place/Best+Heating+and+Cooling+Inc./data=!4m7!3m6!1s0x880e6f3b2bcd4b69:0x2d5bce73e8d562fd!8m2!3d41.4914362!4d-87.9815242!16s%2Fg%2F11b8_l0mnr!19sChIJaUvNKztvDogR_WLV6HPOWy0?authuser=0&hl=en&rclk=1,hvac new lenox il
ChIJN93kuLRuDogRgOB0jNYGBMQ,Best Heating & Cooling Inc,"Best Heating and Cooling Inc in New Lenox. is licensed, bonded, and insured family owned heating and air conditioning company with over 28 years experience in the field. We pride ourselves in quality service, so you and your family can have a safe and comfortable home. We realize that in order for a company to be successful, customer service and quality workmanship must play a major role. When you call on us, we are giving you the best we have.

Our professional staff are experts in the field and stay up to date in all the latest technology. All of our installers, and service technicians are factory trained and are certified to handle all types of refrigerant. We will design as well as install your system to fit your home.",,21,5,"Name: Best Comfort Heating and Cooling
Link: https://www.google.com/maps/search/Best+Comfort+Heating+and+Cooling/@41.549467,-88.160296?authuser=0&hl=en&entry=ttu
Reviews: 269 reviews

Name: Lenox Heating & Air
Link: https://www.google.com/maps/search/Lenox+Heating+%26+Air/@41.5107078,-87.9372142?authuser=0&hl=en&entry=ttu
Reviews: 22 reviews

Name: New Lenox Heating & Cooling
Link: https://www.google.com/maps/search/New+Lenox+Heating+%26+Cooling/@41.528679499999996,-87.98276129999999?authuser=0&hl=en&entry=ttu
Reviews: 4 reviews

Name: M & E Heating & Cooling Inc
Link: https://www.google.com/maps/search/M+%26+E+Heating+%26+Cooling+Inc/@41.4949276,-87.9304451?authuser=0&hl=en&entry=ttu
Reviews: 3 reviews

Name: TODD's HVAC Services
Link: https://www.google.com/maps/search/TODD's+HVAC+Services/@41.491436199999995,-87.9815242?authuser=0&hl=en&entry=ttu
Reviews: 2 reviews",http://bestheatingnow.com/,(815) 462-0083,,Best Heating & Cooling Inc (Owner),https://www.google.com/maps/contrib/107696377109901685696,https://lh3.ggpht.com/p/AF1QipNqiYYu5tnKFSx5_-dJP0aYiEckvpa9WCsqetGz=s1024,HVAC contractor,HVAC contractor,Open 24 hours,,Open All Days,"738 Bon Terre Rd, New Lenox, IL 60451","price, polite, summer, job",https://www.google.com/maps/place/Best+Heating+%26+Cooling+Inc/data=!4m7!3m6!1s0x880e6eb4b8e4dd37:0xc40406d68c74e080!8m2!3d41.5022217!4d-87.9493139!16s%2Fg%2F1tgx2m5j!19sChIJN93kuLRuDogRgOB0jNYGBMQ?authuser=0&hl=en&rclk=1,hvac new lenox il
ChIJFRFm-dpuDogRNbLLFAQKCz8,SERVICE II inc,"Servicing all your residential heating, air-conditioning, and comfort needs in the south suburbs for over twenty seven years.",,80,5,"Name: S&S Mechanical Services Inc.
Link: https://www.google.com/maps/search/S%26S+Mechanical+Services+Inc./@41.488863699999996,-87.9306225?authuser=0&hl=en&entry=ttu
Reviews: 125 reviews

Name: Lenox Heating & Air
Link: https://www.google.com/maps/search/Lenox+Heating+%26+Air/@41.5107078,-87.9372142?authuser=0&hl=en&entry=ttu
Reviews: 22 reviews

Name: Doyle Heating & Air Conditioning
Link: https://www.google.com/maps/search/Doyle+Heating+%26+Air+Conditioning/@41.4971022,-87.96150279999999?authuser=0&hl=en&entry=ttu
Reviews: 21 reviews

Name: Service Tech Heating & Cooling Inc.
Link: https://www.google.com/maps/search/Service+Tech+Heating+%26+Cooling+Inc./@41.476766,-87.8394028?authuser=0&hl=en&entry=ttu
Reviews: 14 reviews

Name: National HVAC Systems
Link: https://www.google.com/maps/search/National+HVAC+Systems/@41.4911204,-87.9654759?authuser=0&hl=en&entry=ttu
Reviews: No Reviews reviews",https://serviceii.com/,(815) 463-1640,,SERVICE II inc (Owner),https://www.google.com/maps/contrib/117212840869145610732,https://lh3.ggpht.com/p/AF1QipP-LOYJw_LnKVUSIpDF5ltIjB8bUC5j-CV6yM3_=s1024,Heating contractor,Heating contractor,8 AM–4 PM,,"Saturday, Sunday","14408 W Edison Dr, New Lenox, IL 60451","furnace, job, efficient, thermostats, price",https://www.google.com/maps/place/SERVICE+II+inc/data=!4m7!3m6!1s0x880e6edaf9661115:0x3f0b0a0414cbb235!8m2!3d41.4913907!4d-87.9654996!16s%2Fg%2F1hc5pmww5!19sChIJFRFm-dpuDogRNbLLFAQKCz8?authuser=0&hl=en&rclk=1,hvac new lenox il
ChIJPaQIBgNsDogRm3CIsHMaPoo,M & E Heating & Cooling Inc,,,3,5,"Name: Lenox Heating & Air
Link: https://www.google.com/maps/search/Lenox+Heating+%26+Air/@41.5107078,-87.9372142?authuser=0&hl=en&entry=ttu
Reviews: 22 reviews

Name: Doyle Heating & Air Conditioning
Link: https://www.google.com/maps/search/Doyle+Heating+%26+Air+Conditioning/@41.4971022,-87.96150279999999?authuser=0&hl=en&entry=ttu
Reviews: 21 reviews

Name: C & E Heating & Sheet Metal Inc
Link: https://www.google.com/maps/search/C+%26+E+Heating+%26+Sheet+Metal+Inc/@41.4741132,-87.84240009999999?authuser=0&hl=en&entry=ttu
Reviews: 9 reviews

Name: New Lenox Heating & Cooling
Link: https://www.google.com/maps/search/New+Lenox+Heating+%26+Cooling/@41.528679499999996,-87.98276129999999?authuser=0&hl=en&entry=ttu
Reviews: 4 reviews

Name: TODD's HVAC Services
Link: https://www.google.com/maps/search/TODD's+HVAC+Services/@41.491436199999995,-87.9815242?authuser=0&hl=en&entry=ttu
Reviews: 2 reviews",,(708) 385-2225,,M & E Heating & Cooling Inc (Owner),https://www.google.com/maps/contrib/110680266069493075419,https://streetviewpixels-pa.googleapis.com/v1/thumbnail?panoid=ademydhv1WLbObwxcz5xmg&cb_client=search.gws-prod.gps&w=408&h=240&yaw=99.36918&pitch=0&thumbfov=100,HVAC contractor,HVAC contractor,Open 24 hours,,Open All Days,"1313 S Schoolhouse Rd Unit #1, New Lenox, IL 60451",,https://www.google.com/maps/place/M+%26+E+Heating+%26+Cooling+Inc/data=!4m7!3m6!1s0x880e6c030608a43d:0x8a3e1a73b088709b!8m2!3d41.4949276!4d-87.9304451!16s%2Fg%2F11fll6sk5h!19sChIJPaQIBgNsDogRm3CIsHMaPoo?authuser=0&hl=en&rclk=1,hvac new lenox il
ChIJOXSyqPFpDogRHwaRMJkvUrE,New Lenox Heating & Cooling,"Looking for a reliable HVAC repair service in Lockport, IL? Look no further than BJ Sewers Inc. We offer fast, affordable, and expert HVAC repairs for all makes and models. Our team of experienced technicians is here to get your heating and cooling system back up and running quickly, so you can enjoy your home all year round.",,4,4,"Name: Lenox Heating & Air
Link: https://www.google.com/maps/search/Lenox+Heating+%26+Air/@41.5107078,-87.9372142?authuser=0&hl=en&entry=ttu
Reviews: 22 reviews

Name: Best Heating & Cooling Inc
Link: https://www.google.com/maps/search/Best+Heating+%26+Cooling+Inc/@41.5022217,-87.94931389999999?authuser=0&hl=en&entry=ttu
Reviews: 21 reviews

Name: M & E Heating & Cooling Inc
Link: https://www.google.com/maps/search/M+%26+E+Heating+%26+Cooling+Inc/@41.4949276,-87.9304451?authuser=0&hl=en&entry=ttu
Reviews: 3 reviews

Name: Knights HVAC
Link: https://www.google.com/maps/search/Knights+HVAC/@41.4969138,-87.9539052?authuser=0&hl=en&entry=ttu
Reviews: 2 reviews

Name: National HVAC Systems
Link: https://www.google.com/maps/search/National+HVAC+Systems/@41.4911204,-87.9654759?authuser=0&hl=en&entry=ttu
Reviews: No Reviews reviews",,(779) 257-3245,,New Lenox Heating & Cooling (Owner),https://www.google.com/maps/contrib/108705266503939468570,https://lh3.ggpht.com/p/AF1QipNc0lToxX7TvIopwOCCSXRqArnwsb3sJAKvMpiT=s1024,HVAC contractor,HVAC contractor,5 AM–9 PM,,Open All Days,"1242 Gordon St, New Lenox, IL 60451",,https://www.google.com/maps/place/New+Lenox+Heating+%26+Cooling/data=!4m7!3m6!1s0x880e69f1a8b27439:0xb1522f993091061f!8m2!3d41.5286795!4d-87.9827613!16s%2Fg%2F11l6m5vq3n!19sChIJOXSyqPFpDogRHwaRMJkvUrE?authuser=0&hl=en&rclk=1,hvac new lenox il
ChIJ9VUz1YGNDogRK7BeTxchlEc,JFrank Heating & Air LLC,"We deliver exceptional service by putting the quality of our work above all else! Our employees are experienced, respectful, and knowledgeable. Our values include honesty, integrity, and building strong customer relationships. We pride ourselves on our unshakable commitment to performing superior quality work.",,159,4.9,,https://jfrankair.com/,(630) 670-4093,,JFrank Heating & Air LLC (Owner),https://www.google.com/maps/contrib/106809414480984806720,https://lh3.ggpht.com/p/AF1QipPd6pDcaujUxwPM_fqvP2y6FQECUBiFsgWNT-0W=s1024,HVAC contractor,"HVAC contractor, Air conditioning contractor, Service establishment, Heating contractor",8 AM–7 PM,,Sunday,,"efficient, informative, diagnosed, questions, priced, tech, home warranty, maintenance, problem, humidifier",https://www.google.com/maps/place/JFrank+Heating+%26+Air+LLC/data=!4m7!3m6!1s0x880e8d81d53355f5:0x479421174f5eb02b!8m2!3d41.54853!4d-88.0319775!16s%2Fg%2F11j5f6nbc0!19sChIJ9VUz1YGNDogRK7BeTxchlEc?authuser=0&hl=en&rclk=1,hvac new lenox il
ChIJ1-1RP7lvDogR2zAhEeLc38Y,Knights HVAC,"Air Conditioning Repair, Heating and Cooling Repairs & Installation

On a hot summer day, there’s nothing like coming home to the relaxing comfort of your air-conditioned home. The same can be said for coming home to a warm home during the brutal Chicago winters. That’s our mission at Knights Electrical Heating Cooling. To provide our customers in the Greater Chicago Area with the comfort they need at prices they can afford. We’ve been providing our friends and neighbors with great air conditioning repair, and other HVAC services for many years, and we’ll go to work to make sure you and your family have the climate control you need. We are the go contractors in your local area. Dependable, honest & reliable heating and cooling services",,2,5,"Name: Comfortable Climate LLC
Link: https://www.google.com/maps/search/Comfortable+Climate+LLC/@41.4907387,-87.96555339999999?authuser=0&hl=en&entry=ttu
Reviews: 32 reviews

Name: Lenox Heating & Air
Link: https://www.google.com/maps/search/Lenox+Heating+%26+Air/@41.5107078,-87.9372142?authuser=0&hl=en&entry=ttu
Reviews: 22 reviews

Name: New Lenox Heating & Cooling
Link: https://www.google.com/maps/search/New+Lenox+Heating+%26+Cooling/@41.528679499999996,-87.98276129999999?authuser=0&hl=en&entry=ttu
Reviews: 4 reviews

Name: Knights Electrical Heating & Cooling
Link: https://www.google.com/maps/search/Knights+Electrical+Heating+%26+Cooling/@41.4969138,-87.9539052?authuser=0&hl=en&entry=ttu
Reviews: No Reviews reviews

Name: National HVAC Systems
Link: https://www.google.com/maps/search/National+HVAC+Systems/@41.4911204,-87.9654759?authuser=0&hl=en&entry=ttu
Reviews: No Reviews reviews",https://knightshvac.com/,(815) 722-3422,,Knights HVAC (Owner),https://www.google.com/maps/contrib/112349280824938148925,https://lh3.ggpht.com/p/AF1QipPBSlro6U1n5XEOi7L4qfOAx1_5Rcssook9qvMc=s1024,HVAC contractor,"HVAC contractor, Air conditioning contractor, Air conditioning repair service, Air conditioning system supplier, Furnace parts supplier, Furnace repair service, Heating contractor",Open 24 hours,,Open All Days,"1039 Industry Rd Suite C, New Lenox, IL 60451",,https://www.google.com/maps/place/Knights+HVAC/data=!4m7!3m6!1s0x880e6fb93f51edd7:0xc6dfdce2112130db!8m2!3d41.4969138!4d-87.9539052!16s%2Fg%2F11lsmx5150!19sChIJ1-1RP7lvDogR2zAhEeLc38Y?authuser=0&hl=en&rclk=1,hvac new lenox il
ChIJyxRGI95lDogRitlToJ71c0w,Comfortable Climate LLC,We provide repair and installation services that meet most of your heating and cooling needs.,,32,4.4,"Name: Magtek Mechanical Heating & Cooling
Link: https://www.google.com/maps/search/Magtek+Mechanical+Heating+%26+Cooling/@41.495910699999996,-87.92719029999999?authuser=0&hl=en&entry=ttu
Reviews: 514 reviews

Name: Comfortmate Bremen Service
Link: https://www.google.com/maps/search/Comfortmate+Bremen+Service/@41.5424164,-87.8225689?authuser=0&hl=en&entry=ttu
Reviews: 363 reviews

Name: Ecomfort Heating & Air Conditioning
Link: https://www.google.com/maps/search/Ecomfort+Heating+%26+Air+Conditioning/@41.533401,-88.06992319999999?authuser=0&hl=en&entry=ttu
Reviews: 18 reviews

Name: Best Heating and Cooling Inc.
Link: https://www.google.com/maps/search/Best+Heating+and+Cooling+Inc./@41.491436199999995,-87.9815242?authuser=0&hl=en&entry=ttu
Reviews: 16 reviews

Name: Comfort Air Heating & Air Conditioning
Link: https://www.google.com/maps/search/Comfort+Air+Heating+%26+Air+Conditioning/@41.418524,-87.980333?authuser=0&hl=en&entry=ttu
Reviews: 3 reviews",,(815) 671-7980,,Comfortable Climate LLC (Owner),https://www.google.com/maps/contrib/102350728270545590872,https://lh3.ggpht.com/p/AF1QipNuz2Py_K-2U7pYQwiTy5KgAW7p1IdWAmACaSEb=s1024,HVAC contractor,"HVAC contractor, Air conditioning contractor, Air conditioning repair service, Air conditioning system supplier, Furnace parts supplier, Furnace repair service, Heating contractor",8 AM–7 PM,,Sunday,"14409 W Edison Dr Unit E, New Lenox, IL 60451","call, prices, home warranty, diagnosed",https://www.google.com/maps/place/Comfortable+Climate+LLC/data=!4m7!3m6!1s0x880e65de234614cb:0x4c73f59ea053d98a!8m2!3d41.4907387!4d-87.9655534!16s%2Fg%2F1hg4smxs0!19sChIJyxRGI95lDogRitlToJ71c0w?authuser=0&hl=en&rclk=1,hvac new lenox il
ChIJAc20KztvDogRaJEmyrv3KRI,TODD's HVAC Services,,,2,5,"Name: Update Heating and Cooling Services
Link: https://www.google.com/maps/search/Update+Heating+and+Cooling+Services/@41.4916603,-87.98112929999999?authuser=0&hl=en&entry=ttu
Reviews: 406 reviews

Name: Lenox Heating & Air
Link: https://www.google.com/maps/search/Lenox+Heating+%26+Air/@41.5107078,-87.9372142?authuser=0&hl=en&entry=ttu
Reviews: 22 reviews

Name: Doyle Heating & Air Conditioning
Link: https://www.google.com/maps/search/Doyle+Heating+%26+Air+Conditioning/@41.4971022,-87.96150279999999?authuser=0&hl=en&entry=ttu
Reviews: 21 reviews

Name: New Lenox Heating & Cooling
Link: https://www.google.com/maps/search/New+Lenox+Heating+%26+Cooling/@41.528679499999996,-87.98276129999999?authuser=0&hl=en&entry=ttu
Reviews: 4 reviews

Name: Todd's HVAC Services
Link: https://www.google.com/maps/search/Todd's+HVAC+Services/@41.5854478,-87.8361905?authuser=0&hl=en&entry=ttu
Reviews: No Reviews reviews",,(708) 301-5426,1,TODD's HVAC Services (Owner),,https://streetviewpixels-pa.googleapis.com/v1/thumbnail?panoid=USTyTW8oStI7aOLpqMkjtQ&cb_client=search.gws-prod.gps&w=408&h=240&yaw=5.0815196&pitch=0&thumbfov=100,HVAC contractor,HVAC contractor,Open 24 hours,,Open All Days,"895 Country Creek Dr b, New Lenox, IL 60451",,https://www.google.com/maps/place/TODD%27s+HVAC+Services/data=!4m7!3m6!1s0x880e6f3b2bb4cd01:0x1229f7bbca269168!8m2!3d41.4914362!4d-87.9815242!16s%2Fg%2F11g68x4_lm!19sChIJAc20KztvDogRaJEmyrv3KRI?authuser=0&hl=en&rclk=1,hvac new lenox il
ChIJ16ctJYduDogRKZz_a6pDZqs,Best Comfort Heating And Cooling,,,8,5,,,(815) 280-8505,,Best Comfort Heating And Cooling (Owner),https://www.google.com/maps/contrib/101998801461908662832,https://lh3.ggpht.com/p/AF1QipNH-od-DddlcI0DtLkxiEXRpycYsk4SAalza08q=s1024,Air conditioning contractor,"Air conditioning contractor, Air conditioning repair service, Service establishment, Heating contractor, HVAC contractor",Open 24 hours,,Open All Days,,"job, cold",https://www.google.com/maps/place/Best+Comfort+Heating+And+Cooling/data=!4m7!3m6!1s0x880e6e87252da7d7:0xab6643aa6bff9c29!8m2!3d41.5148835!4d-88.1348121!16s%2Fg%2F1jgm0n86d!19sChIJ16ctJYduDogRKZz_a6pDZqs?authuser=0&hl=en&rclk=1,hvac new lenox il
ChIJVSOCic5uDogRtlqjIQhu4f4,Doyle Heating & Air Conditioning,,,21,4.6,"Name: SERVICE II inc
Link: https://www.google.com/maps/search/SERVICE+II+inc/@41.4913907,-87.9654996?authuser=0&hl=en&entry=ttu
Reviews: 80 reviews

Name: Lenox Heating & Air
Link: https://www.google.com/maps/search/Lenox+Heating+%26+Air/@41.5107078,-87.9372142?authuser=0&hl=en&entry=ttu
Reviews: 22 reviews

Name: New Lenox Heating & Cooling
Link: https://www.google.com/maps/search/New+Lenox+Heating+%26+Cooling/@41.528679499999996,-87.98276129999999?authuser=0&hl=en&entry=ttu
Reviews: 4 reviews

Name: M & E Heating & Cooling Inc
Link: https://www.google.com/maps/search/M+%26+E+Heating+%26+Cooling+Inc/@41.4949276,-87.9304451?authuser=0&hl=en&entry=ttu
Reviews: 3 reviews

Name: TODD's HVAC Services
Link: https://www.google.com/maps/search/TODD's+HVAC+Services/@41.491436199999995,-87.9815242?authuser=0&hl=en&entry=ttu
Reviews: 2 reviews",,(815) 205-0636,1,Doyle Heating & Air Conditioning (Owner),,https://lh3.ggpht.com/p/AC9h4nr-fjIxKvs_6a7p-wm-RRVh7muVpFxSuopl7TlXJdy0JRcT12P1CGot-uglg72gpCyteF2FMp4gKxMAlkdInySQUQCSur2wcwHzFT83Wdltlvi-TmsfJnUVEhEnxJxEwwk9jpjs=s1024,HVAC contractor,HVAC contractor,7 AM–7:30 PM,,Saturday,"1048 Star Ln, New Lenox, IL 60451",price,https://www.google.com/maps/place/Doyle+Heating+%26+Air+Conditioning/data=!4m7!3m6!1s0x880e6ece89822355:0xfee16e0821a35ab6!8m2!3d41.4971022!4d-87.9615028!16s%2Fg%2F11g8_1yq5x!19sChIJVSOCic5uDogRtlqjIQhu4f4?authuser=0&hl=en&rclk=1,hvac new lenox il
ChIJO4xYge5DDogRa6dgXcs6fvg,Custom Seasons Heating & Cooling,"HVAC Install and Repair, Residential and Commercial",,108,5,,http://www.customseasons.com/,(708) 203-4895,,Custom Seasons Heating & Cooling (Owner),https://www.google.com/maps/contrib/103556017492112132999,https://lh3.ggpht.com/p/AF1QipNqBppdtmxnLYYp1tx3mvHq93k3Wxax2Eg8nuzN=s1024,HVAC contractor,"HVAC contractor, Air conditioning contractor, Air conditioning repair service, Service establishment, Furnace repair service, Heating contractor",Open 24 hours,,Open All Days,,"price, job, unit, call, clean, happy, diagnosed, hot water, honesty, responsive",https://www.google.com/maps/place/Custom+Seasons+Heating+%26+Cooling/data=!4m7!3m6!1s0x880e43ee81588c3b:0xf87e3acb5d60a76b!8m2!3d41.6311156!4d-88.0301875!16s%2Fg%2F11j0njz9tr!19sChIJO4xYge5DDogRa6dgXcs6fvg?authuser=0&hl=en&rclk=1,hvac new lenox il
ChIJD3TvrONhDogRkM2DyTGgSHs,Honest HVAC Services,"Honest HVAC service performing both residential and commercial repairs and installations. Specializing in gas heating, air conditioning and boilers. Based on honesty and professional work, we offer free second opinions and free quotes on new systems.",1,61,5,,http://www.honesthvacusa.com/,(630) 854-0372,,Honest HVAC Services (Owner),https://www.google.com/maps/contrib/100007716823448987979,https://lh3.ggpht.com/p/AF1QipMHh3ISlRg4AUNgGeWXvItwTJhEZ055CzqEohFk=s1024,HVAC contractor,HVAC contractor,7 AM–10 PM,,Open All Days,"2366 Plainfield Rd, Crest Hill, IL 60403","pricing, upselling, job, integrity, attention, name, quote, honesty, clean, the real deal",https://www.google.com/maps/place/Honest+HVAC+Services/data=!4m7!3m6!1s0x880e61e3acef740f:0x7b48a031c983cd90!8m2!3d41.565177!4d-88.140765!16s%2Fg%2F11xfq02728!19sChIJD3TvrONhDogRkM2DyTGgSHs?authuser=0&hl=en&rclk=1,hvac new lenox il
ChIJdRssM0kTDogRlKsWwatR_SI,Climate Control Systems,"Climate Control Systems is your trusted company for HVAC services in Frankfort, IL, offering reliable maintenance plans and 24/7 emergency HVAC services. With over 50 years of experience, we specialize in emergency AC repair, furnace repair, heating system installation, and indoor air quality solutions for both residential and commercial properties. Our licensed technicians are experts in same-day emergency service, ensuring your heating and cooling systems are restored quickly and efficiently. Proudly serving Frankfort, New Lenox, Mokena, Tinley Park, and surrounding areas, we’re your go-to for emergency HVAC repairs and routine maintenance. Call now for reliable, fast, and affordable HVAC emergency services you can count on!",,387,5,"Name: Comfortable Climate LLC
Link: https://www.google.com/maps/search/Comfortable+Climate+LLC/@41.4907387,-87.96555339999999?authuser=0&hl=en&entry=ttu
Reviews: 32 reviews

Name: Frankfort Residential Heating & Cooling
Link: https://www.google.com/maps/search/Frankfort+Residential+Heating+%26+Cooling/@41.486747,-87.8449608?authuser=0&hl=en&entry=ttu
Reviews: 9 reviews

Name: C & E Heating & Sheet Metal Inc
Link: https://www.google.com/maps/search/C+%26+E+Heating+%26+Sheet+Metal+Inc/@41.4741132,-87.84240009999999?authuser=0&hl=en&entry=ttu
Reviews: 9 reviews

Name: Illinois Climate Controls
Link: https://www.google.com/maps/search/Illinois+Climate+Controls/@41.5658479,-88.1796861?authuser=0&hl=en&entry=ttu
Reviews: 7 reviews

Name: Midwest Air Control
Link: https://www.google.com/maps/search/Midwest+Air+Control/@41.6032745,-87.8568939?authuser=0&hl=en&entry=ttu
Reviews: 6 reviews",http://www.climatecontrol411.com/,(815) 806-1055,,Climate Control Systems (Owner),https://www.google.com/maps/contrib/104174390370537453330,https://lh3.ggpht.com/p/AF1QipMkElfY9fKGA-kORNE-zTDUJJVJYjvKLru-R_P5=s1024,HVAC contractor,"HVAC contractor, Air conditioning contractor, Air conditioning repair service, Air conditioning system supplier, Air duct cleaning service, Boiler supplier, Furnace repair service, Heating contractor, Heating equipment supplier",Open 24 hours,,Open All Days,"9527 Corsair Rd, Frankfort, IL 60423","clean, questions, tech, heating, work, estimate, morning, floor, job, boiler",https://www.google.com/maps/place/Climate+Control+Systems/data=!4m7!3m6!1s0x880e1349332c1b75:0x22fd51abc116ab94!8m2!3d41.4740442!4d-87.8477941!16s%2Fg%2F1w97vzgv!19sChIJdRssM0kTDogRlKsWwatR_SI?authuser=0&hl=en&rclk=1,hvac new lenox il
ChIJ6atebyFhDogRq4-Xi5MvLy0,Johansen & Anderson Inc,"Since 1946, Johansen & Anderson Inc has provided quality HVAC services to Joliet, IL and the Will County area. Our services cover installation, repair and maintenance on heating and air conditioning systems including, boilers, furnaces, heat pumps, ductless mini split systems, refrigeration equipment and more. Our founders were helping families stay comfortable throughout the year around the time the soldiers were returning from World War II. Our current staff remains dedicated to the integrity and skill of the original owners, and we stay up to date with advancing technology. Our HVAC specialists rank among the top 5% in the state certified by the NATE (North American Technical Excellence) committee. Whether you're looking for a way to ...",,290,4.8,"Name: Lockwood Furnace Company
Link: https://www.google.com/maps/search/Lockwood+Furnace+Company/@41.5145505,-88.13855219999999?authuser=0&hl=en&entry=ttu
Reviews: 268 reviews

Name: Naranjo Heating & Cooling Specialist Inc.
Link: https://www.google.com/maps/search/Naranjo+Heating+%26+Cooling+Specialist+Inc./@41.5304906,-88.0827766?authuser=0&hl=en&entry=ttu
Reviews: 69 reviews

Name: Johnstone Supply
Link: https://www.google.com/maps/search/Johnstone+Supply/@41.5129183,-88.1382981?authuser=0&hl=en&entry=ttu
Reviews: 32 reviews

Name: Joyce Heating & Air Inc.
Link: https://www.google.com/maps/search/Joyce+Heating+%26+Air+Inc./@41.5417256,-88.2529654?authuser=0&hl=en&entry=ttu
Reviews: 20 reviews

Name: Johnke Heating & Air Conditioning
Link: https://www.google.com/maps/search/Johnke+Heating+%26+Air+Conditioning/@41.5175808,-88.0424967?authuser=0&hl=en&entry=ttu
Reviews: 1 reviews",http://www.jnaonline.com/,(815) 723-9383,,Johansen & Anderson Inc (Owner),https://www.google.com/maps/contrib/112010891522108192759,https://lh3.ggpht.com/p/AF1QipOzuqqGfvgwyZjZDmMbrHLyioK2nkUvWo6VZfgG=s1024,Heating contractor,"Heating contractor, Air conditioning contractor, HVAC contractor",Open 24 hours,,Open All Days,"925 Plainfield Rd, Joliet, IL 60435","furnace, cleaning, tech, job, call, inspection, questions, winter, integrity, money",https://www.google.com/maps/place/Johansen+%26+Anderson+Inc/data=!4m7!3m6!1s0x880e61216f5eabe9:0x2d2f2f938b978fab!8m2!3d41.541123!4d-88.1055347!16s%2Fg%2F1tk63q9r!19sChIJ6atebyFhDogRq4-Xi5MvLy0?authuser=0&hl=en&rclk=1,hvac new lenox il
ChIJCxAvBYhhDogRdKmUsQEED_s,Illinois Environmental Control Heating and Cooling,"Why Choose Illinois Environmental Control Heating And Cooling?
No Service Call Fees
24/7 Emergency Service
Professional same day Services
Master mechanical tech.
Military & Elder Discounts
Hvac heating and cooling
Furnaces. Boliers. Condensers
we specialize in offering the best service in the industry
No money no problem we have the Best financing companies working for you.
Offer 0% Promotional Financing (up to 18 months) to qualified homeowners.
Finance up to $100,000
Instant Soft-Pull Pre-Approval. Allow homeowners to see dozens of pre-approval options instantly, without damaging credit scores.",,6,4.8,,,(815) 302-7492,,Illinois Environmental Control Heating and Cooling (Owner),https://www.google.com/maps/contrib/117777441001022064891,https://lh3.ggpht.com/p/AF1QipNB-f24TSzRSoKOWDU25s-vbpWMrs81zL9MEt_t=s1024,HVAC contractor,"HVAC contractor, Air conditioning contractor, Air conditioning repair service, Boiler supplier, Service establishment, Furnace repair service, Heating contractor, Heating equipment supplier, Water filter supplier, Water pump supplier",Open 24 hours,,Open All Days,,prices,https://www.google.com/maps/place/Illinois+Environmental+Control+Heating+and+Cooling/data=!4m7!3m6!1s0x880e6188052f100b:0xfb0f0401b194a974!8m2!3d41.8823365!4d-87.942926!16s%2Fg%2F11j4pq0_g4!19sChIJCxAvBYhhDogRdKmUsQEED_s?authuser=0&hl=en&rclk=1,hvac new lenox il
ChIJMVFRpVpDDogRz5NuqHBOMxc,Update Heating and Cooling Services,"Serving Chicagoland with heating and air conditioning maintenance, installation, repairs, and everything in between, our goal is to address your HVAC needs in a timely, efficient, and cost-effective fashion.

Our technicians are not only factory-trained and authorized, they are also trained to your standards of superior service. We take the extra step to ensure that you are satisfied with the job we do. We offer up-front pricing and free estimates before we begin any heating and air conditioning service call. Same day service is available.",,6,5,"Name: ComforTemp Heating & Air Conditioning
Link: https://www.google.com/maps/search/ComforTemp+Heating+%26+Air+Conditioning/@41.7559626,-87.9360539?authuser=0&hl=en&entry=ttu
Reviews: 279 reviews

Name: AAA Heating and Cooling Inc
Link: https://www.google.com/maps/search/AAA+Heating+and+Cooling+Inc/@41.674464799999996,-87.99834949999999?authuser=0&hl=en&entry=ttu
Reviews: 102 reviews

Name: Air Team Corporation
Link: https://www.google.com/maps/search/Air+Team+Corporation/@41.659078099999995,-87.98729809999999?authuser=0&hl=en&entry=ttu
Reviews: 45 reviews

Name: Salmark HVAC
Link: https://www.google.com/maps/search/Salmark+HVAC/@41.6543389,-88.00139469999999?authuser=0&hl=en&entry=ttu
Reviews: 8 reviews

Name: A-Formula Mechanical Corporation
Link: https://www.google.com/maps/search/A-Formula+Mechanical+Corporation/@41.6802079,-87.9710195?authuser=0&hl=en&entry=ttu
Reviews: 2 reviews",http://updateheating.com/,(815) 242-3339,,Update Heating and Cooling Services (Owner),https://www.google.com/maps/contrib/107119677295558522143,https://lh3.ggpht.com/p/AF1QipOsVnHErYJoxUAvpSpiMYaFCYV1960x0uVSDT4v=s1024,Air conditioning repair service,"Air conditioning repair service, Air duct cleaning service, Boiler manufacturer, Boiler supplier, Furnace parts supplier, Furnace repair service, HVAC contractor, Repair service, Sheet metal contractor",Open 24 hours,,Open All Days,"1244 State St, Lemont, IL 60439",price,https://www.google.com/maps/place/Update+Heating+and+Cooling+Services/data=!4m7!3m6!1s0x880e435aa5515131:0x17334e70a86e93cf!8m2!3d41.6543359!4d-88.0014675!16s%2Fg%2F11byykzq2p!19sChIJMVFRpVpDDogRz5NuqHBOMxc?authuser=0&hl=en&rclk=1,hvac new lenox il
ChIJ9XDKG5XRD4gRVro3VbijHkA,"Earth Temp HVAC, Inc.","The founding President Demetris started working in the industry over two decades ago and founded Earth Temp HVAC in 2014. Through hard work and his extensive HVAC knowledge, he quickly developed a reputation for being a rising star as a HVAC technician in the Chicago-land area and surrounding suburbs. We earned our exceptional reputation by adhering to old-fashioned, but time-tested standards such as honesty, fairness, and genuine concern for our customers.

We don’t want to work with our customers on just a one-time basis. We strive to develop long-term relationships so that our customers have a trusted source to turn to when they face an HVAC issue.
We're here to help. Call today or simply fill out our online form to request service.",,109,5,"Name: Heat Medics Heating & Cooling, LLC
Link: https://www.google.com/maps/search/Heat+Medics+Heating+%26+Cooling%2C+LLC/@41.5550049,-87.8983908?authuser=0&hl=en&entry=ttu
Reviews: 107 reviews

Name: Eco Temp HVAC
Link: https://www.google.com/maps/search/Eco+Temp+HVAC/@41.6556795,-87.9825714?authuser=0&hl=en&entry=ttu
Reviews: 31 reviews

Name: Temperature Solutions
Link: https://www.google.com/maps/search/Temperature+Solutions/@41.601988299999995,-87.9139244?authuser=0&hl=en&entry=ttu
Reviews: 7 reviews

Name: TEM Control Air Conditioning Services | AC Repair Installation Maintenance
Link: https://www.google.com/maps/search/TEM+Control+Air+Conditioning+Services+%7C+AC+Repair+Installation+Maintenance/@41.638238,-87.99104700000001?authuser=0&hl=en&entry=ttu
Reviews: 4 reviews

Name: Thermocool hvacr
Link: https://www.google.com/maps/search/Thermocool+hvacr/@41.6667419,-87.9829158?authuser=0&hl=en&entry=ttu
Reviews: No Reviews reviews",https://www.earthtempacheating.com/,(773) 827-9795,,"Earth Temp HVAC, Inc. (Owner)",https://www.google.com/maps/contrib/103615071050438064091,https://lh3.ggpht.com/p/AF1QipMC71SIyancZrAM75uYO--a8wJsic9-myHxz3Df=s1024,HVAC contractor,"HVAC contractor, Air conditioning contractor, Air conditioning repair service, Air conditioning system supplier, Heating contractor, Heating equipment supplier",8 AM–9 PM,,Open All Days,"15770 S Bell Rd, Homer Glen, IL 60491","price, thermostat, nest, future, tech, informative, heating, knowledge, expert, happy","https://www.google.com/maps/place/Earth+Temp+HVAC,+Inc./data=!4m7!3m6!1s0x880fd1951bca70f5:0x401ea3b85537ba56!8m2!3d41.6026269!4d-87.9326081!16s%2Fg%2F11bwhb26w6!19sChIJ9XDKG5XRD4gRVro3VbijHkA?authuser=0&hl=en&rclk=1",hvac new lenox il
ChIJ5ygHfb2KDogRsO-ZVUvDOrU,Rousculp's Heating and Cooling,"For exceptional HVAC service in Plainfield, choose Rousculp's Heating & Cooling. Our team is fully committed to providing outstanding service. This is true whether you need a furnace installation or an AC repair. There's no job that's too big or small. We're also proud to back everything we do with a comprehensive guarantee and years of experience. With fully stocked trucks and carefully selected technicians, we're your neighborhood's best choice for HVAC. Our solutions are tailored to meet the needs of your space. This ensures your home's temperature is always just right. To schedule service in Plainfield or Joliet, give us a call.",,272,5,"Name: Lockwood Furnace Company
Link: https://www.google.com/maps/search/Lockwood+Furnace+Company/@41.5145505,-88.13855219999999?authuser=0&hl=en&entry=ttu
Reviews: 268 reviews

Name: SRG Mechanical
Link: https://www.google.com/maps/search/SRG+Mechanical/@41.564945699999996,-88.14046189999999?authuser=0&hl=en&entry=ttu
Reviews: 53 reviews

Name: Schuler Heating & Cooling, Inc.
Link: https://www.google.com/maps/search/Schuler+Heating+%26+Cooling%2C+Inc./@41.5392235,-88.20452189999999?authuser=0&hl=en&entry=ttu
Reviews: 35 reviews

Name: Premium Heating & Cooling
Link: https://www.google.com/maps/search/Premium+Heating+%26+Cooling/@41.5546386,-88.08802469999999?authuser=0&hl=en&entry=ttu
Reviews: 27 reviews

Name: Rite Guys Heating & Cooling Inc
Link: https://www.google.com/maps/search/Rite+Guys+Heating+%26+Cooling+Inc/@41.5162064,-88.1079546?authuser=0&hl=en&entry=ttu
Reviews: 8 reviews",https://www.rousculps.com/?utm_source=google&utm_medium=organic&utm_campaign=gbp,(815) 436-4937,,Rousculp's Heating and Cooling (Owner),https://www.google.com/maps/contrib/115554863142276815527,https://lh3.ggpht.com/p/AF1QipOASxB_0enioq58o-ngMlKBepPt4tQWtcLW44GR=s1024,HVAC contractor,"HVAC contractor, Air conditioning contractor, Air conditioning repair service, Furnace repair service, Heating contractor",Open 24 hours,,Open All Days,"2551 Theodore St Suite B, Crest Hill, IL 60403","call, questions, clean, morning, knowledge, job, tech, honest, maintenance, pricing",https://www.google.com/maps/place/Rousculp%27s+Heating+and+Cooling/data=!4m7!3m6!1s0x880e8abd7d0728e7:0xb53ac34b5599efb0!8m2!3d41.5503576!4d-88.1449062!16s%2Fg%2F1tfwf22x!19sChIJ5ygHfb2KDogRsO-ZVUvDOrU?authuser=0&hl=en&rclk=1,hvac new lenox il
ChIJh1RbNN-SYWcREKc34ACHkjk,Climaxx Heating & Cooling,"Furnace/AC clean & checks starting at $80

We offer: Furnaces, AC's, Boilers, Hot water tanks, Humidifiers, Piping, Sheet metal work & much more!",,38,4.9,"Name: ComfortMax Heating and Cooling
Link: https://www.google.com/maps/search/ComfortMax+Heating+and+Cooling/@41.5402536,-88.1502577?authuser=0&hl=en&entry=ttu
Reviews: 187 reviews

Name: Heat Medics Heating & Cooling, LLC
Link: https://www.google.com/maps/search/Heat+Medics+Heating+%26+Cooling%2C+LLC/@41.5550049,-87.8983908?authuser=0&hl=en&entry=ttu
Reviews: 107 reviews

Name: Pinnacle HVAC, LLC
Link: https://www.google.com/maps/search/Pinnacle+HVAC%2C+LLC/@41.635059299999995,-87.9305342?authuser=0&hl=en&entry=ttu
Reviews: 65 reviews

Name: Seasonal Comfort Heating & Cooling
Link: https://www.google.com/maps/search/Seasonal+Comfort+Heating+%26+Cooling/@41.5973903,-87.93133499999999?authuser=0&hl=en&entry=ttu
Reviews: 7 reviews

Name: Mlm Hvac
Link: https://www.google.com/maps/search/Mlm+Hvac/@41.6680635,-87.9747212?authuser=0&hl=en&entry=ttu
Reviews: 5 reviews",https://www.climaxxheatingandcooling.com/,(708) 717-2772,,Climaxx Heating & Cooling (Owner),https://www.google.com/maps/contrib/108857764552320630062,https://lh3.ggpht.com/p/AF1QipMz-USYP3QB1rNgij53j1tvUwQONTn4rr6-4Xx3=s1024,HVAC contractor,HVAC contractor,Open 24 hours,,Open All Days,"13708 W 159th St, Homer Glen, IL 60491","pricing, water heater, the future, door, fair",https://www.google.com/maps/place/Climaxx+Heating+%26+Cooling/data=!4m7!3m6!1s0x676192df345b5487:0x39928700e037a710!8m2!3d41.6012785!4d-87.9515153!16s%2Fg%2F11k9zpdy9x!19sChIJh1RbNN-SYWcREKc34ACHkjk?authuser=0&hl=en&rclk=1,hvac new lenox il
ChIJbdNhUQIVDogRl3oK8O2NphE,Allegiance Heating & Cooling,"Allegiance Heating & Cooling is the premier heating and air conditioning contractor serving Mokena, Frankfurt, Orland Park, Tinley Park, New Lenox and surrounding areas. Family-owned and operated for over a decade, we’ve earned the trust and respect of thousands of clients. In addition to our industry-best knowledge about HVAC systems of all types, our technicians embrace a client-focused philosophy that puts the customer first during every phase of every project.",,288,4.9,"Name: Integrity Heating & Cooling
Link: https://www.google.com/maps/search/Integrity+Heating+%26+Cooling/@41.5360375,-87.8546539?authuser=0&hl=en&entry=ttu
Reviews: 696 reviews

Name: Maertin Heating & Cooling
Link: https://www.google.com/maps/search/Maertin+Heating+%26+Cooling/@41.5405855,-87.8902343?authuser=0&hl=en&entry=ttu
Reviews: 297 reviews

Name: Comfort Zone Service
Link: https://www.google.com/maps/search/Comfort+Zone+Service/@41.545655499999995,-87.8581329?authuser=0&hl=en&entry=ttu
Reviews: 226 reviews

Name: Reliant Heating and Air Conditioning, Inc.
Link: https://www.google.com/maps/search/Reliant+Heating+and+Air+Conditioning%2C+Inc./@41.4871179,-87.8478419?authuser=0&hl=en&entry=ttu
Reviews: 11 reviews

Name: HAS Services, LLC
Link: https://www.google.com/maps/search/HAS+Services%2C+LLC/@41.4420141,-87.83632899999999?authuser=0&hl=en&entry=ttu
Reviews: No Reviews reviews",https://www.allegianceheating.com/?utm_source=google&utm_medium=organic&utm_campaign=GMBListing-Mokena-IL,(815) 627-1003,,Allegiance Heating & Cooling (Owner),https://www.google.com/maps/contrib/112722433300695026123,https://lh3.ggpht.com/p/AF1QipM__xaNsWsQqYU4mnU-F8eoCWzrWMI7Q-CVodyE=s1024,HVAC contractor,"HVAC contractor, Air conditioning contractor, Boiler supplier, Furnace parts supplier, Furnace repair service, Heating contractor",Open 24 hours,,Open All Days,"8027 189th St, Mokena, IL 60448","call, clean, questions, job, efficient, units, pricing, work, thermostat, duct",https://www.google.com/maps/place/Allegiance+Heating+%26+Cooling/data=!4m7!3m6!1s0x880e15025161d36d:0x11a68dedf00a7a97!8m2!3d41.5477803!4d-87.8132907!16s%2Fg%2F1hhwq1_9x!19sChIJbdNhUQIVDogRl3oK8O2NphE?authuser=0&hl=en&rclk=1,hvac new lenox il
ChIJq2vXdbfUfkMRkJl0ST6nBjU,Nacho Heating & Cooling Plus Co.,"We're Coleman dealers!
Services include but are not limited to: HVAC repairs, maintenance, replacements, and new installments!
Se Habla Español!",,30,5,,https://www.nachoheatingandcooling.com/,(815) 919-6543,,Nacho Heating & Cooling Plus Co. (Owner),https://www.google.com/maps/contrib/101114106359576215309,https://lh3.ggpht.com/p/AF1QipMcgWMi8YnKNpsVbnPxgdysdNuglYwH7PAvWU46=s1024,HVAC contractor,"HVAC contractor, Service establishment",Open 24 hours,,Open All Days,,"price, work, questions, morning, call",https://www.google.com/maps/place/Nacho+Heating+%26+Cooling+Plus+Co./data=!4m7!3m6!1s0x437ed4b775d76bab:0x3506a73e49749990!8m2!3d41.622666!4d-88.09905!16s%2Fg%2F11rgs9ypdf!19sChIJq2vXdbfUfkMRkJl0ST6nBjU?authuser=0&hl=en&rclk=1,hvac new lenox il
ChIJ4XakydIUDogRr0fRQxXjMb4,"TemperaturePro Heating, Cooling & Indoor Air Quality","TemperaturePro is a premier residential, commercial & industrial HVAC contractor serving Mokena and surrounding areas. Our trained professionals are equipped to get the job done and are experienced in all brands and styles of equipment. Our services include maintenance, repair and installation of cooling, heating, and air quality equipment. We provide the highest quality work at competitive prices. We're a modern HVAC company for a modern world including online scheduling, technician tracking and the highest customer service.",,405,4.8,"Name: Integrity Heating & Cooling
Link: https://www.google.com/maps/search/Integrity+Heating+%26+Cooling/@41.5360375,-87.8546539?authuser=0&hl=en&entry=ttu
Reviews: 696 reviews

Name: Maertin Heating & Cooling
Link: https://www.google.com/maps/search/Maertin+Heating+%26+Cooling/@41.5405855,-87.8902343?authuser=0&hl=en&entry=ttu
Reviews: 297 reviews

Name: Comfort Zone Service
Link: https://www.google.com/maps/search/Comfort+Zone+Service/@41.545655499999995,-87.8581329?authuser=0&hl=en&entry=ttu
Reviews: 226 reviews

Name: Porterhouse Heating & Cooling
Link: https://www.google.com/maps/search/Porterhouse+Heating+%26+Cooling/@41.555127,-87.7971701?authuser=0&hl=en&entry=ttu
Reviews: 193 reviews

Name: Lake Effect Heating and Cooling
Link: https://www.google.com/maps/search/Lake+Effect+Heating+and+Cooling/@41.508248599999995,-87.86645879999999?authuser=0&hl=en&entry=ttu
Reviews: 2 reviews",https://mokena.temperaturepro.com/?utm_source=google&utm_medium=organic&utm_campaign=gbp,(708) 540-3435,,"TemperaturePro Heating, Cooling & Indoor Air Quality (Owner)",https://www.google.com/maps/contrib/112591621181263780717,https://lh3.ggpht.com/p/AF1QipM4SitDVubsRI6bASkPWAWLTawV1IFGUOuS-P9a=s1024,HVAC contractor,"HVAC contractor, Air conditioning contractor, Air conditioning repair service, Air duct cleaning service, Furnace repair service",Open 24 hours,,Open All Days,"19636 97th Ave Suite 6, Mokena, IL 60448","job, questions, tech, informative, unit, understanding, diagnosed, financing, fee, stars","https://www.google.com/maps/place/TemperaturePro+Heating,+Cooling+%26+Indoor+Air+Quality/data=!4m7!3m6!1s0x880e14d2c9a476e1:0xbe31e31543d147af!8m2!3d41.5326378!4d-87.8545918!16s%2Fg%2F11f34_f_57!19sChIJ4XakydIUDogRr0fRQxXjMb4?authuser=0&hl=en&rclk=1",hvac new lenox il
ChIJAQBEk2kUDogRrJuUnAU6eSM,Air Source 1 Heating & Air Conditioning,"Air Source 1 is a local family owned Furnace and A/C Company based in Mokena, IL and surrounding South Chicagoland and Northwest Indiana communities. We provide reliable repair, maintenance, and replacement for: furnaces, air conditioners, hot water tanks, boilers, duct work & more. Our company thrives on being honest, respectable, and reliable. We treat all of our customers like family, and we wouldn’t provide anything other than the best HVAC experience! Call us today and find out more about our a/c repair & air conditioning installation services!",,638,5,"Name: Comfort Zone Service
Link: https://www.google.com/maps/search/Comfort+Zone+Service/@41.545655499999995,-87.8581329?authuser=0&hl=en&entry=ttu
Reviews: 226 reviews

Name: Sears Heating and Air Conditioning
Link: https://www.google.com/maps/search/Sears+Heating+and+Air+Conditioning/@41.5400658,-87.8343342?authuser=0&hl=en&entry=ttu
Reviews: 98 reviews

Name: Any Season Heating & Air Conditioning
Link: https://www.google.com/maps/search/Any+Season+Heating+%26+Air+Conditioning/@41.571138999999995,-87.795197?authuser=0&hl=en&entry=ttu
Reviews: 86 reviews

Name: Proud Heating & Air, Inc.
Link: https://www.google.com/maps/search/Proud+Heating+%26+Air%2C+Inc./@41.504218099999996,-87.8532298?authuser=0&hl=en&entry=ttu
Reviews: 71 reviews

Name: Air-ease Heating & Cooling
Link: https://www.google.com/maps/search/Air-ease+Heating+%26+Cooling/@41.5749086,-87.7449817?authuser=0&hl=en&entry=ttu
Reviews: 28 reviews",https://airsource1hvac.com/,(779) 246-4551,,Air Source 1 Heating & Air Conditioning (Owner),https://www.google.com/maps/contrib/108699091725107788436,https://lh3.ggpht.com/p/AF1QipNjJRgmW1NaGYSc0RSxyNOVdP5Y5jQZiafmZe9i=s1024,Air conditioning contractor,"Air conditioning contractor, Air conditioning system supplier, Air duct cleaning service, Furnace repair service, Heating contractor, Heating equipment supplier, HVAC contractor",Open 24 hours,,Open All Days,"8508 W 192nd St, Mokena, IL 60448","furnace, call, humidifier, morning, work, tech, text message, check, shoes, tim & kyle (sa)",https://www.google.com/maps/place/Air+Source+1+Heating+%26+Air+Conditioning/data=!4m7!3m6!1s0x880e146993440001:0x23793a059c949bac!8m2!3d41.5417363!4d-87.8229743!16s%2Fg%2F11hbv0z3dz!19sChIJAQBEk2kUDogRrJuUnAU6eSM?authuser=0&hl=en&rclk=1,hvac new lenox il
ChIJl-jG_WJBDogRCS02S14rGtA,"Pinnacle HVAC, LLC","If you're tired of kicking tires and shopping around for a reliable, dependable and affordable Heating and Cooling contractor your journey is about to end.

How can Pinnacle HVAC make such a bold claim?

The answer is simple. We sell products we believe in that YOU can trust, we design a system for YOUR needs, YOUR budget, YOUR home, YOUR comfort and saves YOU money. And we back it up. For starters:
Standard ten years parts warranties.
Standard 3, 5, or 10 year labor warranties on ALL systems.
Priority ""First-in-Que"" service.
One-year ""Zero-break"" guarantee on all repairs. You never pay for the same repair twice.

Pinnacle has built a 5-star reputation of this work ethic. Call today and see what we can do for you!",,65,5,"Name: Polar Heating & AC
Link: https://www.google.com/maps/search/Polar+Heating+%26+AC/@41.6399401,-87.8497829?authuser=0&hl=en&entry=ttu
Reviews: 535 reviews

Name: AAA Heating & Air Conditioning
Link: https://www.google.com/maps/search/AAA+Heating+%26+Air+Conditioning/@41.6308493,-87.94048839999999?authuser=0&hl=en&entry=ttu
Reviews: 46 reviews

Name: Climaxx Heating & Cooling
Link: https://www.google.com/maps/search/Climaxx+Heating+%26+Cooling/@41.6012785,-87.95151530000001?authuser=0&hl=en&entry=ttu
Reviews: 38 reviews

Name: R & R Heating & Air Conditioning
Link: https://www.google.com/maps/search/R+%26+R+Heating+%26+Air+Conditioning/@41.6376201,-87.8107571?authuser=0&hl=en&entry=ttu
Reviews: 23 reviews

Name: B & B Heating & Cooling, LLC
Link: https://www.google.com/maps/search/B+%26+B+Heating+%26+Cooling%2C+LLC/@41.600255499999996,-87.93534969999999?authuser=0&hl=en&entry=ttu
Reviews: 12 reviews",https://www.pinnacleheatingcooling.com/,(708) 698-1457,,"Pinnacle HVAC, LLC (Owner)",https://www.google.com/maps/contrib/102436195050281767221,https://lh3.ggpht.com/p/AF1QipNxRwPRMIw8XSoiWM6EPhMseQWQHVpkfLlOw-IA=s1024,HVAC contractor,"HVAC contractor, Air conditioning contractor, Air conditioning repair service, Heating contractor",8 AM–6 PM,,Sunday,"14007 S Bell Rd #126, Homer Glen, IL 60491","price, call, heating, thermostat, questions, humidifier, seasons, plan, capacitor, january","https://www.google.com/maps/place/Pinnacle+HVAC,+LLC/data=!4m7!3m6!1s0x880e4162fdc6e897:0xd01a2b5e4b362d09!8m2!3d41.6350593!4d-87.9305342!16s%2Fg%2F1tf3ph5m!19sChIJl-jG_WJBDogRCS02S14rGtA?authuser=0&hl=en&rclk=1",hvac new lenox il
ChIJd2sdgUC73AkRXZ_dSiqjpAk,AAA Heating & Air Conditioning,"Whether you need a maintenance check on you heating or AC or need emergency repair on a heating or cooling unit, we are available to handle all of your all of your heating, cooling, and ventilation needs. We work hard to meet your expectations by making sure that each of our clients receives individualized service.",,46,4.6,"Name: AAA Services, Inc. - Heating, Air Conditioning & Plumbing
Link: https://www.google.com/maps/search/AAA+Services%2C+Inc.+-+Heating%2C+Air+Conditioning+%26+Plumbing/@41.4714138,-87.3678458?authuser=0&hl=en&entry=ttu
Reviews: 394 reviews

Name: AAA Heating and Cooling Inc
Link: https://www.google.com/maps/search/AAA+Heating+and+Cooling+Inc/@41.674464799999996,-87.99834949999999?authuser=0&hl=en&entry=ttu
Reviews: 102 reviews

Name: Pinnacle HVAC, LLC
Link: https://www.google.com/maps/search/Pinnacle+HVAC%2C+LLC/@41.635059299999995,-87.9305342?authuser=0&hl=en&entry=ttu
Reviews: 65 reviews

Name: Family Heating and Air Conditioning, Inc
Link: https://www.google.com/maps/search/Family+Heating+and+Air+Conditioning%2C+Inc/@41.578616499999995,-87.8976374?authuser=0&hl=en&entry=ttu
Reviews: 23 reviews

Name: AAA Comfort Heating & Air Conditioning
Link: https://www.google.com/maps/search/AAA+Comfort+Heating+%26+Air+Conditioning/@41.5379103,-88.08553440000001?authuser=0&hl=en&entry=ttu
Reviews: 1 reviews",https://aaaheatcooling.com/,(708) 937-3945,,AAA Heating & Air Conditioning (Owner),https://www.google.com/maps/contrib/108628723888413170018,https://lh3.ggpht.com/p/AC9h4nptNadoPYeddJZKr9C4wZ-mncnl2NGfgrYRaX66MWMUyiZLREmAvVj6h0-7rwg1iZcG1R7WFeR51M0RqX8ICzZrymS_fUoxZxlpa9CMY_TCZ5E4VaAmbPbdR2HfkxCb18HlZ6E=s1024,Contractor,"Contractor, Heating contractor, HVAC contractor",Open 24 hours,,Open All Days,"14162 Rado Dr W, Homer Glen, IL 60491","company, communication, furnace, technician, mr. aziz, diagnosis, job",https://www.google.com/maps/place/AAA+Heating+%26+Air+Conditioning/data=!4m7!3m6!1s0x9dcbb40811d6b77:0x9a4a32a4add9f5d!8m2!3d41.6308493!4d-87.9404884!16s%2Fg%2F11trkx24t4!19sChIJd2sdgUC73AkRXZ_dSiqjpAk?authuser=0&hl=en&rclk=1,hvac new lenox il
ChIJl1HxIupoDogR9MSL--NNgBY,Potocki Heating and Air Conditioning,,,9,3.8,,,(815) 693-5579,,Potocki Heating and Air Conditioning (Owner),https://www.google.com/maps/contrib/107449079289168647005,https://lh3.ggpht.com/p/AF1QipMdKPx-EaAubVbcH9IU29XanyV6Ek74RO_MUTz3=s1024,HVAC contractor,"HVAC contractor, Air conditioning contractor, Service establishment, Heating contractor",8 AM–4:30 PM,,"Saturday, Sunday",,,https://www.google.com/maps/place/Potocki+Heating+and+Air+Conditioning/data=!4m7!3m6!1s0x880e68ea22f15197:0x16804de3fb8bc4f4!8m2!3d39.7393894!4d-89.221216!16s%2Fg%2F11bwkj0yvk!19sChIJl1HxIupoDogR9MSL--NNgBY?authuser=0&hl=en&rclk=1,hvac new lenox il
ChIJIRFtlQru-Y8R7viYc3d6GSw,Nikki's Heating & Cooling,"At the heart of Nikki’s Heating and Cooling is Akram Sweis, a dedicated professional with years of experience in the HVAC industry. With a passion for delivering exceptional comfort and efficiency, Akram Sweis founded the company to provide top-quality heating and cooling solutions to homes and businesses in Chicago.",,10,5,,https://nikkisheatingandcooling.com/,(219) 315-4337,,Nikki's Heating & Cooling (Owner),https://www.google.com/maps/contrib/113522412651878629015,https://lh3.ggpht.com/p/AF1QipNioqxa04hl3eWIgCh-suM_GhqlHZfJtNHA7LZ0=s1024,HVAC contractor,"HVAC contractor, Service establishment",Open 24 hours,,Open All Days,,"job, price",https://www.google.com/maps/place/Nikki%27s+Heating+%26+Cooling/data=!4m7!3m6!1s0x8ff9ee0a956d1121:0x2c197a777398f8ee!8m2!3d41.4453781!4d-87.374952!16s%2Fg%2F11lyldbyr4!19sChIJIRFtlQru-Y8R7viYc3d6GSw?authuser=0&hl=en&rclk=1,hvac new lenox il
ChIJkfXivTsTDogRboHTEZ6ie_Y,"Enright's Heating & Cooling, Inc.","Enright's Heating & Cooling, Inc. specializes in installation, repair and maintenance of residential HVAC systems, serving the south and southwest suburbs of Chicago. We provide quality service at an affordable price. Call today for a free estimate.",,85,4.9,,https://www.enrights.com/,(708) 614-1441,,"Enright's Heating & Cooling, Inc. (Owner)",https://www.google.com/maps/contrib/111437371336482860108,https://lh3.ggpht.com/p/AF1QipM2v0uTDdDo-j__kKQOUQsAnrnMMnA2Rs2SZIuo=s1024,HVAC contractor,"HVAC contractor, Service establishment",Open 24 hours,,Open All Days,,"price, unit, job, morning, efficient, quote, work, employees, installer, confidence","https://www.google.com/maps/place/Enright%27s+Heating+%26+Cooling,+Inc./data=!4m7!3m6!1s0x880e133bbde2f591:0xf67ba29e11d3816e!8m2!3d41.5883415!4d-87.8631695!16s%2Fg%2F11_t3tt9s!19sChIJkfXivTsTDogRboHTEZ6ie_Y?authuser=0&hl=en&rclk=1",hvac new lenox il
ChIJ4b7rOXpnDogRIklQAa1vI3s,RJ's Heating and Air LLC,"Combining years of experience with a dedication to client satisfaction, RJ's Heating and Air LLC has established itself as the local leader in Residential HVAC Contracting, Heating Installation and Air Conditioning Installation.",,7,4.7,,http://rjsheatingandairllc.com/,(815) 483-3604,,RJ's Heating and Air LLC (Owner),https://www.google.com/maps/contrib/106191287343228702340,https://lh3.ggpht.com/p/AF1QipMhf-gFx1TMOjkZkA7W8fRX6u-zE-vNTW-VBLmx=s1024,HVAC contractor,"HVAC contractor, Air conditioning contractor, Air conditioning repair service, Air duct cleaning service, Service establishment, Furnace repair service, Heating contractor",8 AM–5 PM,,Sunday,,,https://www.google.com/maps/place/RJ%27s+Heating+and+Air+LLC/data=!4m7!3m6!1s0x880e677a39ebbee1:0x7b236fad01504922!8m2!3d41.723144!4d-87.942926!16s%2Fg%2F11bbw_lwrr!19sChIJ4b7rOXpnDogRIklQAa1vI3s?authuser=0&hl=en&rclk=1,hvac new lenox il
ChIJkSBcLOtpDogRHIv5Td-frpM,Winters Heating & Air Conditioning,"Winters Heating and cooling was started by Greg Winters in 1980. The company was purchased by Nate Etchison at Etchison Heating & Cooling, Inc. established in 2011, forming Winters & Etchison Heating, Inc.
Have a comfortable home throughout the year with a properly working air conditioning and heating unit. To maintain comfort year-round receive reliable services from Winters Heating, Inc. in Lockport, Illinois. Our heating and air conditioning company specializes in residential heating and cooling repairs, installation, and maintenance.",,52,4.9,"Name: London Heating & Cooling
Link: https://www.google.com/maps/search/London+Heating+%26+Cooling/@41.5843676,-88.03805?authuser=0&hl=en&entry=ttu
Reviews: 204 reviews

Name: Bentley Heating & Cooling
Link: https://www.google.com/maps/search/Bentley+Heating+%26+Cooling/@41.5894751,-88.040162?authuser=0&hl=en&entry=ttu
Reviews: 29 reviews

Name: Peter's Heating & Cooling LLC
Link: https://www.google.com/maps/search/Peter's+Heating+%26+Cooling+LLC/@41.5886269,-88.0171455?authuser=0&hl=en&entry=ttu
Reviews: 11 reviews

Name: South Street Heating and Cooling
Link: https://www.google.com/maps/search/South+Street+Heating+and+Cooling/@41.5806214,-88.0541302?authuser=0&hl=en&entry=ttu
Reviews: 6 reviews",https://www.wintersheatinginc.com/,(708) 532-7772,,Winters Heating & Air Conditioning (Owner),https://www.google.com/maps/contrib/107120145771711279642,https://streetviewpixels-pa.googleapis.com/v1/thumbnail?panoid=ZJ8t9gfEwdChxoWyF0DXMg&cb_client=search.gws-prod.gps&w=408&h=240&yaw=26.343676&pitch=0&thumbfov=100,Air conditioning contractor,Air conditioning contractor,8 AM–8 PM,,Open All Days,"1312 Mc Cameron Ave, Lockport, IL 60441","HVAC, price, furnace, unit",https://www.google.com/maps/place/Winters+Heating+%26+Air+Conditioning/data=!4m7!3m6!1s0x880e69eb2c5c2091:0x93ae9fdf4df98b1c!8m2!3d41.6005873!4d-88.0291232!16s%2Fg%2F1tlvq3g2!19sChIJkSBcLOtpDogRHIv5Td-frpM?authuser=0&hl=en&rclk=1,hvac new lenox il
ChIJhY1IfJFeDogRLXpWLw5UQ-Q,Premier HVAC Cooling & Heating,We are a family operated Heating and Cooling repair and service company dedicated to honest professional reliable work serving Chicago and its suburbs. Offering 24hr service for all your air conditioning and heating needs at affordable prices.,,44,4.8,,http://www.premier-hvac.net/,(815) 293-3770,,Premier HVAC Cooling & Heating (Owner),https://www.google.com/maps/contrib/118432231642499781275,https://lh3.ggpht.com/p/AF1QipMiTVivTBg6eNaVQOog_czmu8LGGBVx9SBK8IcJ=s1024,HVAC contractor,"HVAC contractor, Air conditioning contractor, Air conditioning repair service, Service establishment, Furnace repair service, Heating contractor",Open 24 hours,,Open All Days,,"price, call, efficient, diagnosed, cost, questions, season, honest, fair",https://www.google.com/maps/place/Premier+HVAC+Cooling+%26+Heating/data=!4m7!3m6!1s0x880e5e917c488d85:0xe443540e2f567a2d!8m2!3d39.7393894!4d-89.266507!16s%2Fg%2F1th5d4h8!19sChIJhY1IfJFeDogRLXpWLw5UQ-Q?authuser=0&hl=en&rclk=1,hvac new lenox il
ChIJYbsREIVhDogRns17dpwFkjI,Lockwood Furnace Company,HVAC,,268,4.8,"Name: Johansen & Anderson Inc
Link: https://www.google.com/maps/search/Johansen+%26+Anderson+Inc/@41.541123,-88.1055347?authuser=0&hl=en&entry=ttu
Reviews: 290 reviews

Name: Best Comfort Heating and Cooling
Link: https://www.google.com/maps/search/Best+Comfort+Heating+and+Cooling/@41.549467,-88.160296?authuser=0&hl=en&entry=ttu
Reviews: 269 reviews

Name: ComfortMax Heating and Cooling
Link: https://www.google.com/maps/search/ComfortMax+Heating+and+Cooling/@41.5402536,-88.1502577?authuser=0&hl=en&entry=ttu
Reviews: 187 reviews

Name: Joliet Heating & Cooling
Link: https://www.google.com/maps/search/Joliet+Heating+%26+Cooling/@41.5156689,-88.1823742?authuser=0&hl=en&entry=ttu
Reviews: 41 reviews

Name: Rite Guys Heating & Cooling Inc
Link: https://www.google.com/maps/search/Rite+Guys+Heating+%26+Cooling+Inc/@41.5162064,-88.1079546?authuser=0&hl=en&entry=ttu
Reviews: 8 reviews",http://www.lockwoodfurnace.net/,(815) 744-4004,,Lockwood Furnace Company (Owner),https://www.google.com/maps/contrib/113212706191599802532,https://lh3.ggpht.com/p/AC9h4npwFByZIleaXMEYPYtFuRqjijHonVXX4EYMRc4tgpLmSV_896rGk3Wh3jHMtNcmoj1ia6a-3P53RKofDlqdkk-cGBHr12fbAg3QK1JFiXpp0fNkht27QAqAyz0U7hdWQrpsVFzQ=s1024,Heating contractor,"Heating contractor, Air conditioning contractor, Air conditioning repair service, Furnace repair service, Furnace store, HVAC contractor",Open 24 hours,,Open All Days,"2300 McDonough St, Joliet, IL 60436","questions, clean, job, water heater, thermostat, humidifier, work, information, estimate, morning",https://www.google.com/maps/place/Lockwood+Furnace+Company/data=!4m7!3m6!1s0x880e61851011bb61:0x3292059c767bcd9e!8m2!3d41.5145505!4d-88.1385522!16s%2Fg%2F1tr184l_!19sChIJYbsREIVhDogRns17dpwFkjI?authuser=0&hl=en&rclk=1,hvac new lenox il
ChIJ54hxuh9vDogR78ISpID0Nag,Lincoln Way AC Repair,,,8,4.5,,,(815) 408-0868,,Lincoln Way AC Repair (Owner),https://www.google.com/maps/contrib/113556568589624756954,https://lh3.ggpht.com/p/AF1QipN3QL_RJDdM_pkwdaM4tuwpr3YeIO38u9z98JOk=s1024,Handyman/Handywoman/Handyperson,"Handyman/Handywoman/Handyperson, Service establishment, HVAC contractor",,,Open All Days,,"job, pricing",https://www.google.com/maps/place/Lincoln+Way+AC+Repair/data=!4m7!3m6!1s0x880e6f1fba7188e7:0xa835f480a412c2ef!8m2!3d41.5330095!4d-88.0356606!16s%2Fg%2F11k5tqjflf!19sChIJ54hxuh9vDogR78ISpID0Nag?authuser=0&hl=en&rclk=1,hvac new lenox il
ChIJL4pSFdBDDogRjLjZbherrHU,H&L HVAC INC. Heating & Cooling,Heating & Air Conditioning Sales and Services,,15,4.5,,http://www.furnaceclinic.com/,(708) 562-1822,,H&L HVAC INC. Heating & Cooling (Owner),https://www.google.com/maps/contrib/116795287290384279305,https://lh3.ggpht.com/p/AF1QipOc-mKhQ4UpQ83lPGvd-V80gHH1D3TWOitZ5IlY=s1024,Heating contractor,"Heating contractor, Service establishment",8 AM–5 PM,,Open All Days,,"home, prices, unit, running",https://www.google.com/maps/place/H%26L+HVAC+INC.+Heating+%26+Cooling/data=!4m7!3m6!1s0x880e43d015528a2f:0x75acab176ed9b88c!8m2!3d41.5744261!4d-87.857391!16s%2Fg%2F1ydxc8j61!19sChIJL4pSFdBDDogRjLjZbherrHU?authuser=0&hl=en&rclk=1,hvac new lenox il
ChIJR2ZlFLtoDogRoHc7q2j5hWc,Munch's Supply Co.,,,38,3.7,"Name: M. Cooper Winsupply Co.
Link: https://www.google.com/maps/search/M.+Cooper+Winsupply+Co./@41.5489558,-87.8266616?authuser=0&hl=en&entry=ttu
Reviews: 33 reviews

Name: Johnstone Supply
Link: https://www.google.com/maps/search/Johnstone+Supply/@41.5129183,-88.1382981?authuser=0&hl=en&entry=ttu
Reviews: 32 reviews

Name: Midwest Supply Co
Link: https://www.google.com/maps/search/Midwest+Supply+Co/@41.5245336,-88.03652989999999?authuser=0&hl=en&entry=ttu
Reviews: 7 reviews

Name: Munch’s Supply Distribution Center
Link: https://www.google.com/maps/search/Munch%E2%80%99s+Supply+Distribution+Center/@41.672565899999995,-88.086029?authuser=0&hl=en&entry=ttu
Reviews: 5 reviews",http://www.munchsupply.com/,(815) 723-1111,,Munch's Supply Co. (Owner),https://www.google.com/maps/contrib/110328492008072791678,https://lh3.ggpht.com/p/AC9h4nrMyFweXxUBEnmc-8Q78CYHQ6FtT1WZpZ8AqE_T0-izDoqiPQkEcuUh4SHyTZ5lgB0ge8Uv7IjMKjvogTFaGV742Ref_Orkw6qtChfSdZ14e8qhDw7VImM7d7R8Mf3H8FxVTEBvxw=s1024,Wholesaler,"Wholesaler, Air conditioning system supplier, Furnace parts supplier, Heating contractor, Heating equipment supplier",6:30 AM–5 PM,,"Friday, Saturday, Sunday","1901 Ferro Dr, New Lenox, IL 60451",dock,https://www.google.com/maps/place/Munch%27s+Supply+Co./data=!4m7!3m6!1s0x880e68bb14656647:0x6785f968ab3b77a0!8m2!3d41.5181756!4d-88.0006964!16s%2Fg%2F1tgxv3_d!19sChIJR2ZlFLtoDogRoHc7q2j5hWc?authuser=0&hl=en&rclk=1,hvac new lenox il
ChIJveLNpsauu4URPX7k10kB6Vw,Siberian Mechanical LLC,"Siberian Mechanical, a distinguished veteran-owned HVAC company, is dedicated to redefining comfort for both homes and businesses. We provide heating and air conditioning services in SouthWest Chicago Suburbs.",,53,5,,http://siberianmechanical.com/,(779) 233-4370,,Siberian Mechanical LLC (Owner),https://www.google.com/maps/contrib/105435304459875189963,https://lh3.ggpht.com/p/AF1QipOVQlpHMM53QS3lnb9z2UscYnAHr6s0F3f5M0IU=s1024,HVAC contractor,"HVAC contractor, Air conditioning repair service, Service establishment, Heating contractor, Mechanical contractor",Open 24 hours,,Open All Days,,"efficient, price, humidifier, evidence, veteran, ethics, hot water, knowledge, inspection, the future",https://www.google.com/maps/place/Siberian+Mechanical+LLC/data=!4m7!3m6!1s0x85bbaec6a6cde2bd:0x5ce90149d7e47e3d!8m2!3d41.6779291!4d-87.7474086!16s%2Fg%2F11v42_pd4j!19sChIJveLNpsauu4URPX7k10kB6Vw?authuser=0&hl=en&rclk=1,hvac new lenox il
ChIJgdLWW1hDDogRnr2mmwqIsvs,Specific Heating and Air Conditioning,"Service, sales, installation for you furnaces, air conditioners, water heaters, humidifiers, air cleaners. A/C REPAIR, A/C SERVICE, A/C MAINTENANCE, FOR RESIDENTIAL ALONG WITH FURNACE REPAIR, FURNACE SERVICE, FURNACE MAINTENANCE. 1 YR GUARANTEE ON REPAIRS AND 10 YR WARRANTY ON NEW FURNACES AND AIR CONDITIONERS. ALL OF OUR WORK IS OWNER SUPERVISED.",,4,5,,http://specifichvac1.com/,(630) 963-8825,,Specific Heating and Air Conditioning (Owner),https://www.google.com/maps/contrib/116818307760975176184,https://lh3.ggpht.com/p/AF1QipMK8I5ht8_lfQhE2vMQW4DmHzSPTRAXq8C89dbS=s1024,HVAC contractor,"HVAC contractor, Air conditioning contractor, Air conditioning repair service, Service establishment, Furnace repair service, Heating contractor",Open 24 hours,,Open All Days,,,https://www.google.com/maps/place/Specific+Heating+and+Air+Conditioning/data=!4m7!3m6!1s0x880e43585bd6d281:0xfbb2880a9ba6bd9e!8m2!3d41.72728!4d-88.0329905!16s%2Fg%2F1tdhmds7!19sChIJgdLWW1hDDogRnr2mmwqIsvs?authuser=0&hl=en&rclk=1,hvac new lenox il
ChIJrUOANB0VDogRq7ymapuYUMI,"Climate Master Mechanical Contractors, Inc. DBA Doornbos Heating & Air Conditioning","We’re excited—Climate Master Mechanical Contractors and Doornbos Heating and Air Conditioning are combining forces to bring our residential customers the best in comfort services. Climate Master and Doornbos – two companies, one mission – to serve you better. We believe that you have the right to be comfortable 24 hours a day. We provide a full range of heating and cooling services designed to cater to your needs. We can also provide indoor air quality testing and clean air services to ensure that the air you breathe is of the highest quality possible. Whether you want to install a new air conditioner or furnace or need maintenance performed, we’re here for you. Contact us today to schedule your appointment with a NATE-Certified technician!",,282,4.9,"Name: Doornbos Heating & Air Conditioning
Link: https://www.google.com/maps/search/Doornbos+Heating+%26+Air+Conditioning/@41.6882018,-87.740291?authuser=0&hl=en&entry=ttu
Reviews: 439 reviews

Name: TemperaturePro Heating, Cooling & Indoor Air Quality
Link: https://www.google.com/maps/search/TemperaturePro+Heating%2C+Cooling+%26+Indoor+Air+Quality/@41.532637799999996,-87.8545918?authuser=0&hl=en&entry=ttu
Reviews: 404 reviews

Name: Comfortmate Bremen Service
Link: https://www.google.com/maps/search/Comfortmate+Bremen+Service/@41.5424164,-87.8225689?authuser=0&hl=en&entry=ttu
Reviews: 363 reviews

Name: Maertin Heating & Cooling
Link: https://www.google.com/maps/search/Maertin+Heating+%26+Cooling/@41.5405855,-87.8902343?authuser=0&hl=en&entry=ttu
Reviews: 297 reviews

Name: DB Services
Link: https://www.google.com/maps/search/DB+Services/@41.528757399999996,-87.88589999999999?authuser=0&hl=en&entry=ttu
Reviews: 2 reviews",https://doornbos.com/climate-master-mechanical-contractors/?utm_source=google&utm_medium=organic&utm_campaign=gmb&utm_content=climate-master,(708) 597-5470,,"Climate Master Mechanical Contractors, Inc. DBA Doornbos Heating & Air Conditioning (Owner)",https://www.google.com/maps/contrib/110712610551683909821,https://lh3.ggpht.com/p/AF1QipM-Pgm7iCUY4YcH6MOF9Bh-Z_h-hOGb4MMx7BT6=s1024,Air conditioning contractor,"Air conditioning contractor, Air conditioning repair service, Air conditioning store, Air conditioning system supplier, Furnace parts supplier, Furnace repair service, Furnace store, Heating contractor, Heating equipment supplier, HVAC contractor",Open 24 hours,,Open All Days,"19133 85th Ct, Mokena, IL 60448","job, questions, unit, tech, maintenance, efficient, inspection, boiler, estimate, polite","https://www.google.com/maps/place/Climate+Master+Mechanical+Contractors,+Inc.+DBA+Doornbos+Heating+%26+Air+Conditioning/data=!4m7!3m6!1s0x880e151d348043ad:0xc250989b6aa6bcab!8m2!3d41.5415863!4d-87.8254427!16s%2Fg%2F1tgdjl0j!19sChIJrUOANB0VDogRq7ymapuYUMI?authuser=0&hl=en&rclk=1",hvac new lenox il
ChIJzWYKAh5DDogRRtHF17W7ADo,M.G. Heating & Cooling,"M.G. Heating & Cooling, in Homer Glen, IL, is the premier heating and cooling company serving Will, Cook and DuPage counties since 2014. We specialize in residential and commercial heating and cooling. For more information, contact M.G. Heating & Cooling in Homer Glen.",,1,5,,http://mgheatingandcoolingil.com/,(708) 277-4528,,M.G. Heating & Cooling (Owner),https://www.google.com/maps/contrib/113664828674835774632,https://lh3.ggpht.com/p/AF1QipOyG9YiiYBWU931-LWfzH4YX93jQOfVbGgQr8Am=s1024,HVAC contractor,"HVAC contractor, Service establishment",Open 24 hours,,"Saturday, Sunday",,,https://www.google.com/maps/place/M.G.+Heating+%26+Cooling/data=!4m7!3m6!1s0x880e431e020a66cd:0x3a00bbb5d7c5d146!8m2!3d41.586007!4d-87.9438334!16s%2Fg%2F11fr680nh7!19sChIJzWYKAh5DDogRRtHF17W7ADo?authuser=0&hl=en&rclk=1,hvac new lenox il
ChIJfYxPcGdnDogR1C00KKDh-yM,Csartek Heating and Air Conditioning,"Our HVAC technicians are trained, experienced, and licensed to install, maintain and repair commercial and residential heating, air conditioning, ventilation, air quality equipment, and water heaters.

Csartek Heating and Air Conditioning is owned and operated by people who live in your community. Servicing all of Chicagoland. Installing only the best HVAC brands and servicing any make, model or brand.",,1,5,,https://csartek.com/,(630) 768-8017,,Csartek Heating and Air Conditioning (Owner),https://www.google.com/maps/contrib/109029424821349517741,https://lh3.ggpht.com/p/AC9h4npxXondu5IemJwtfMMRGDVkTFiimxm9bAqAKHvMIulli6j92MEl8nqsT3ToW0FYu3uciWPJgfgSKDwd5sTYS4Fb5zscA4bTgXm7t3loONQMSbVA1XNCq9-APoNYKeo9ZT1ZIejB4A=s1024,HVAC contractor,"HVAC contractor, Service establishment",8 AM–6 PM,,Open All Days,,,https://www.google.com/maps/place/Csartek+Heating+and+Air+Conditioning/data=!4m7!3m6!1s0x880e6767704f8c7d:0x23fbe1a028342dd4!8m2!3d41.553776!4d-88.124441!16s%2Fg%2F11r9tslsf8!19sChIJfYxPcGdnDogR1C00KKDh-yM?authuser=0&hl=en&rclk=1,hvac new lenox il
